backend,mode,trial,objective_ms,short_ttft_p95_ms,latency_p95_ms,burst_ms,output_hashes,completion_counts,outputs_json,planned_send_order,observed_send_orders,admission_stagger_ms,exact_hash_match_ratio,upstream_decisions,cacheflow_decisions,exploration_decisions,safety_fallbacks,drift_events,positive_lower_bound_decisions,insufficient_evidence_decisions,benefit_choose_samples,benefit_choose_p99_us,benefit_choose_duration_us_sum,benefit_choose_histogram_json,oracle_objective_ms,oracle_regret_ratio,upstream_regression_ratio,treatment_order,process_position,previous_treatment,trial_washout_ms
cpu,upstream,1,5217.264024999167,3390.195949998997,5070.3201349990195,7308.272300000681,b74ed76e54491fe1515172404b915cf994859850821b955d8dc6d0da2fda9bfb;919cadbbbfc921cef1c7530228b78d679f0173d18c1b76ae3fdc5cd7489bbe21;b74ed76e54491fe1515172404b915cf994859850821b955d8dc6d0da2fda9bfb;9e143aab4a8501513a1b536176c207d7492cc26e6185b87d4b6c30969b68f243;b74ed76e54491fe1515172404b915cf994859850821b955d8dc6d0da2fda9bfb;328d4e1100d6bd74ac6d258a23fdecbdc53b429e236e1a4454da71ea77cb67ec;01d8f17b2a51b9e8149c4569c49c9c1043a37be1a6ab9c1855f5d0fe1bd0be6e;eeffedc824c0f817a378c95fa81fc66204aaaaff6784b822db3b9fe0a57313df;b74ed76e54491fe1515172404b915cf994859850821b955d8dc6d0da2fda9bfb;427d1afe29cf63f0a4d5dcdba551d81bf6e492a4374d319b8032588abb5688f7;01d8f17b2a51b9e8149c4569c49c9c1043a37be1a6ab9c1855f5d0fe1bd0be6e;acf7afc3c247d0604e6d234424ae43aee7bafb1806169688ddccb1c50f53c874,8;5;8;5;8;5;8;5;8;5;8;5,"[""I'm sorry, but I can't"", ""A wave 0"", ""I'm sorry, but I can't"", ""B wave 0"", ""I'm sorry, but I can't"", ""C wave 0"", ""I'm sorry, but I don't"", ""A wave 1"", ""I'm sorry, but I can't"", ""B wave 1"", ""I'm sorry, but I don't"", ""C wave 1""]",0;1;2;3;4;5,0;1;2;3;4;5|0;1;2;3;4;5,10,0.6666666666666666,0.0,0.0,0.0,0.0,0.0,0.0,0.0,0.0,0.0,0.0,"{""+Inf"":0.0,""1"":0.0,""10"":0.0,""100"":0.0,""2"":0.0,""20"":0.0,""250"":0.0,""5"":0.0,""50"":0.0}",,,,cpu/upstream;cpu/always;cuda/learned;cpu/rule;cuda/rule;cpu/learned;cuda/always;cuda/upstream,0,trial_washout,0
cpu,always,1,3790.9869249988333,1751.9984249993286,4502.400370001851,8155.953999998019,01d8f17b2a51b9e8149c4569c49c9c1043a37be1a6ab9c1855f5d0fe1bd0be6e;919cadbbbfc921cef1c7530228b78d679f0173d18c1b76ae3fdc5cd7489bbe21;b74ed76e54491fe1515172404b915cf994859850821b955d8dc6d0da2fda9bfb;9e143aab4a8501513a1b536176c207d7492cc26e6185b87d4b6c30969b68f243;01d8f17b2a51b9e8149c4569c49c9c1043a37be1a6ab9c1855f5d0fe1bd0be6e;328d4e1100d6bd74ac6d258a23fdecbdc53b429e236e1a4454da71ea77cb67ec;01d8f17b2a51b9e8149c4569c49c9c1043a37be1a6ab9c1855f5d0fe1bd0be6e;eeffedc824c0f817a378c95fa81fc66204aaaaff6784b822db3b9fe0a57313df;b74ed76e54491fe1515172404b915cf994859850821b955d8dc6d0da2fda9bfb;427d1afe29cf63f0a4d5dcdba551d81bf6e492a4374d319b8032588abb5688f7;01d8f17b2a51b9e8149c4569c49c9c1043a37be1a6ab9c1855f5d0fe1bd0be6e;acf7afc3c247d0604e6d234424ae43aee7bafb1806169688ddccb1c50f53c874,8;5;8;5;8;5;8;5;8;5;8;5,"[""I'm sorry, but I don't"", ""A wave 0"", ""I'm sorry, but I can't"", ""B wave 0"", ""I'm sorry, but I don't"", ""C wave 0"", ""I'm sorry, but I don't"", ""A wave 1"", ""I'm sorry, but I can't"", ""B wave 1"", ""I'm sorry, but I don't"", ""C wave 1""]",0;1;2;3;4;5,0;1;2;3;4;5|0;1;2;3;4;5,10,0.6666666666666666,0.0,27.0,0.0,0.0,0.0,0.0,0.0,27.0,1.0,5.0,"{""+Inf"":27.0,""1"":27.0,""10"":27.0,""100"":27.0,""2"":27.0,""20"":27.0,""250"":27.0,""5"":27.0,""50"":27.0}",,,,cpu/upstream;cpu/always;cuda/learned;cpu/rule;cuda/rule;cpu/learned;cuda/always;cuda/upstream,1,cpu/upstream,0
cuda,learned,1,247.23572499988222,96.95262500008539,215.55995000107941,601.1323999991873,01d8f17b2a51b9e8149c4569c49c9c1043a37be1a6ab9c1855f5d0fe1bd0be6e;919cadbbbfc921cef1c7530228b78d679f0173d18c1b76ae3fdc5cd7489bbe21;b74ed76e54491fe1515172404b915cf994859850821b955d8dc6d0da2fda9bfb;9e143aab4a8501513a1b536176c207d7492cc26e6185b87d4b6c30969b68f243;b74ed76e54491fe1515172404b915cf994859850821b955d8dc6d0da2fda9bfb;328d4e1100d6bd74ac6d258a23fdecbdc53b429e236e1a4454da71ea77cb67ec;01d8f17b2a51b9e8149c4569c49c9c1043a37be1a6ab9c1855f5d0fe1bd0be6e;eeffedc824c0f817a378c95fa81fc66204aaaaff6784b822db3b9fe0a57313df;b74ed76e54491fe1515172404b915cf994859850821b955d8dc6d0da2fda9bfb;427d1afe29cf63f0a4d5dcdba551d81bf6e492a4374d319b8032588abb5688f7;b74ed76e54491fe1515172404b915cf994859850821b955d8dc6d0da2fda9bfb;db799ba0f780cdbb46015db711696eb82b39d3ccdffd193851fdd4fddbab8aef,8;5;8;5;8;5;8;5;8;5;8;33,"[""I'm sorry, but I don't"", ""A wave 0"", ""I'm sorry, but I can't"", ""B wave 0"", ""I'm sorry, but I can't"", ""C wave 0"", ""I'm sorry, but I don't"", ""A wave 1"", ""I'm sorry, but I can't"", ""B wave 1"", ""I'm sorry, but I can't"", ""C wave 1 is a deterministic algorithm used in shared production serving contexts to ensure that resources are allocated in a way that maximizes throughput and minimizes latency.""]",0;1;2;3;4;5,0;1;2;3;4;5|0;1;2;3;4;5,10,0.75,8.0,0.0,0.0,5.0,0.0,0.0,0.0,8.0,1.0,2.1,"{""+Inf"":8.0,""1"":8.0,""10"":8.0,""100"":8.0,""2"":8.0,""20"":8.0,""250"":8.0,""5"":8.0,""50"":8.0}",223.06272499736224,0.10836862143957864,0.10836862143957864,cpu/upstream;cpu/always;cuda/learned;cpu/rule;cuda/rule;cpu/learned;cuda/always;cuda/upstream,2,cpu/always,0
cpu,rule,1,3986.2101500011704,2042.6320500009751,4604.472645002533,7774.312400000781,b74ed76e54491fe1515172404b915cf994859850821b955d8dc6d0da2fda9bfb;919cadbbbfc921cef1c7530228b78d679f0173d18c1b76ae3fdc5cd7489bbe21;01d8f17b2a51b9e8149c4569c49c9c1043a37be1a6ab9c1855f5d0fe1bd0be6e;9e143aab4a8501513a1b536176c207d7492cc26e6185b87d4b6c30969b68f243;01d8f17b2a51b9e8149c4569c49c9c1043a37be1a6ab9c1855f5d0fe1bd0be6e;328d4e1100d6bd74ac6d258a23fdecbdc53b429e236e1a4454da71ea77cb67ec;01d8f17b2a51b9e8149c4569c49c9c1043a37be1a6ab9c1855f5d0fe1bd0be6e;eeffedc824c0f817a378c95fa81fc66204aaaaff6784b822db3b9fe0a57313df;b74ed76e54491fe1515172404b915cf994859850821b955d8dc6d0da2fda9bfb;427d1afe29cf63f0a4d5dcdba551d81bf6e492a4374d319b8032588abb5688f7;b74ed76e54491fe1515172404b915cf994859850821b955d8dc6d0da2fda9bfb;acf7afc3c247d0604e6d234424ae43aee7bafb1806169688ddccb1c50f53c874,8;5;8;5;8;5;8;5;8;5;8;5,"[""I'm sorry, but I can't"", ""A wave 0"", ""I'm sorry, but I don't"", ""B wave 0"", ""I'm sorry, but I don't"", ""C wave 0"", ""I'm sorry, but I don't"", ""A wave 1"", ""I'm sorry, but I can't"", ""B wave 1"", ""I'm sorry, but I can't"", ""C wave 1""]",0;1;2;3;4;5,0;1;2;3;4;5|0;1;2;3;4;5,10,0.6666666666666666,6.0,3.0,0.0,0.0,0.0,0.0,0.0,9.0,2.0,3.3,"{""+Inf"":9.0,""1"":8.0,""10"":9.0,""100"":9.0,""2"":9.0,""20"":9.0,""250"":9.0,""5"":9.0,""50"":9.0}",,,,cpu/upstream;cpu/always;cuda/learned;cpu/rule;cuda/rule;cpu/learned;cuda/always;cuda/upstream,3,cuda/learned,0
cuda,rule,1,275.96394999909535,102.610599999025,249.51417499869422,693.4134000002814,01d8f17b2a51b9e8149c4569c49c9c1043a37be1a6ab9c1855f5d0fe1bd0be6e;919cadbbbfc921cef1c7530228b78d679f0173d18c1b76ae3fdc5cd7489bbe21;b74ed76e54491fe1515172404b915cf994859850821b955d8dc6d0da2fda9bfb;9e143aab4a8501513a1b536176c207d7492cc26e6185b87d4b6c30969b68f243;01d8f17b2a51b9e8149c4569c49c9c1043a37be1a6ab9c1855f5d0fe1bd0be6e;328d4e1100d6bd74ac6d258a23fdecbdc53b429e236e1a4454da71ea77cb67ec;01d8f17b2a51b9e8149c4569c49c9c1043a37be1a6ab9c1855f5d0fe1bd0be6e;eeffedc824c0f817a378c95fa81fc66204aaaaff6784b822db3b9fe0a57313df;b74ed76e54491fe1515172404b915cf994859850821b955d8dc6d0da2fda9bfb;427d1afe29cf63f0a4d5dcdba551d81bf6e492a4374d319b8032588abb5688f7;01d8f17b2a51b9e8149c4569c49c9c1043a37be1a6ab9c1855f5d0fe1bd0be6e;db799ba0f780cdbb46015db711696eb82b39d3ccdffd193851fdd4fddbab8aef,8;5;8;5;8;5;8;5;8;5;8;33,"[""I'm sorry, but I don't"", ""A wave 0"", ""I'm sorry, but I can't"", ""B wave 0"", ""I'm sorry, but I don't"", ""C wave 0"", ""I'm sorry, but I don't"", ""A wave 1"", ""I'm sorry, but I can't"", ""B wave 1"", ""I'm sorry, but I don't"", ""C wave 1 is a deterministic algorithm used in shared production serving contexts to ensure that resources are allocated in a way that maximizes throughput and minimizes latency.""]",0;1;2;3;4;5,0;1;2;3;4;5|0;1;2;3;4;5,10,0.75,8.0,4.0,0.0,0.0,0.0,0.0,0.0,12.0,1.0,2.1,"{""+Inf"":12.0,""1"":12.0,""10"":12.0,""100"":12.0,""2"":12.0,""20"":12.0,""250"":12.0,""5"":12.0,""50"":12.0}",,,,cpu/upstream;cpu/always;cuda/learned;cpu/rule;cuda/rule;cpu/learned;cuda/always;cuda/upstream,4,cpu/rule,0
cpu,learned,1,4081.0906750002687,2147.5986499999635,4667.2734449995905,7733.968100001221,b74ed76e54491fe1515172404b915cf994859850821b955d8dc6d0da2fda9bfb;919cadbbbfc921cef1c7530228b78d679f0173d18c1b76ae3fdc5cd7489bbe21;01d8f17b2a51b9e8149c4569c49c9c1043a37be1a6ab9c1855f5d0fe1bd0be6e;9e143aab4a8501513a1b536176c207d7492cc26e6185b87d4b6c30969b68f243;01d8f17b2a51b9e8149c4569c49c9c1043a37be1a6ab9c1855f5d0fe1bd0be6e;328d4e1100d6bd74ac6d258a23fdecbdc53b429e236e1a4454da71ea77cb67ec;01d8f17b2a51b9e8149c4569c49c9c1043a37be1a6ab9c1855f5d0fe1bd0be6e;eeffedc824c0f817a378c95fa81fc66204aaaaff6784b822db3b9fe0a57313df;b74ed76e54491fe1515172404b915cf994859850821b955d8dc6d0da2fda9bfb;427d1afe29cf63f0a4d5dcdba551d81bf6e492a4374d319b8032588abb5688f7;b74ed76e54491fe1515172404b915cf994859850821b955d8dc6d0da2fda9bfb;acf7afc3c247d0604e6d234424ae43aee7bafb1806169688ddccb1c50f53c874,8;5;8;5;8;5;8;5;8;5;8;5,"[""I'm sorry, but I can't"", ""A wave 0"", ""I'm sorry, but I don't"", ""B wave 0"", ""I'm sorry, but I don't"", ""C wave 0"", ""I'm sorry, but I don't"", ""A wave 1"", ""I'm sorry, but I can't"", ""B wave 1"", ""I'm sorry, but I can't"", ""C wave 1""]",0;1;2;3;4;5,0;1;2;3;4;5|0;1;2;3;4;5,10,0.6666666666666666,6.0,3.0,3.0,6.0,0.0,0.0,0.0,9.0,1.0,3.3,"{""+Inf"":9.0,""1"":9.0,""10"":9.0,""100"":9.0,""2"":9.0,""20"":9.0,""250"":9.0,""5"":9.0,""50"":9.0}",3790.9869249988333,0.07652459787935689,-0.21777187133999415,cpu/upstream;cpu/always;cuda/learned;cpu/rule;cuda/rule;cpu/learned;cuda/always;cuda/upstream,5,cuda/rule,0
cuda,always,1,274.8658750024333,103.20675000184565,321.12925499986886,686.6365000023507,01d8f17b2a51b9e8149c4569c49c9c1043a37be1a6ab9c1855f5d0fe1bd0be6e;919cadbbbfc921cef1c7530228b78d679f0173d18c1b76ae3fdc5cd7489bbe21;b74ed76e54491fe1515172404b915cf994859850821b955d8dc6d0da2fda9bfb;9e143aab4a8501513a1b536176c207d7492cc26e6185b87d4b6c30969b68f243;01d8f17b2a51b9e8149c4569c49c9c1043a37be1a6ab9c1855f5d0fe1bd0be6e;328d4e1100d6bd74ac6d258a23fdecbdc53b429e236e1a4454da71ea77cb67ec;01d8f17b2a51b9e8149c4569c49c9c1043a37be1a6ab9c1855f5d0fe1bd0be6e;eeffedc824c0f817a378c95fa81fc66204aaaaff6784b822db3b9fe0a57313df;b74ed76e54491fe1515172404b915cf994859850821b955d8dc6d0da2fda9bfb;427d1afe29cf63f0a4d5dcdba551d81bf6e492a4374d319b8032588abb5688f7;01d8f17b2a51b9e8149c4569c49c9c1043a37be1a6ab9c1855f5d0fe1bd0be6e;acf7afc3c247d0604e6d234424ae43aee7bafb1806169688ddccb1c50f53c874,8;5;8;5;8;5;8;5;8;5;8;5,"[""I'm sorry, but I don't"", ""A wave 0"", ""I'm sorry, but I can't"", ""B wave 0"", ""I'm sorry, but I don't"", ""C wave 0"", ""I'm sorry, but I don't"", ""A wave 1"", ""I'm sorry, but I can't"", ""B wave 1"", ""I'm sorry, but I don't"", ""C wave 1""]",0;1;2;3;4;5,0;1;2;3;4;5|0;1;2;3;4;5,10,0.75,0.0,20.0,0.0,0.0,0.0,0.0,0.0,20.0,1.0,3.3,"{""+Inf"":20.0,""1"":20.0,""10"":20.0,""100"":20.0,""2"":20.0,""20"":20.0,""250"":20.0,""5"":20.0,""50"":20.0}",,,,cpu/upstream;cpu/always;cuda/learned;cpu/rule;cuda/rule;cpu/learned;cuda/always;cuda/upstream,6,cpu/learned,0
cuda,upstream,1,223.06272499736224,100.08462499808957,219.03950999949302,491.9123999970907,01d8f17b2a51b9e8149c4569c49c9c1043a37be1a6ab9c1855f5d0fe1bd0be6e;919cadbbbfc921cef1c7530228b78d679f0173d18c1b76ae3fdc5cd7489bbe21;b74ed76e54491fe1515172404b915cf994859850821b955d8dc6d0da2fda9bfb;9e143aab4a8501513a1b536176c207d7492cc26e6185b87d4b6c30969b68f243;b74ed76e54491fe1515172404b915cf994859850821b955d8dc6d0da2fda9bfb;328d4e1100d6bd74ac6d258a23fdecbdc53b429e236e1a4454da71ea77cb67ec;01d8f17b2a51b9e8149c4569c49c9c1043a37be1a6ab9c1855f5d0fe1bd0be6e;eeffedc824c0f817a378c95fa81fc66204aaaaff6784b822db3b9fe0a57313df;b74ed76e54491fe1515172404b915cf994859850821b955d8dc6d0da2fda9bfb;427d1afe29cf63f0a4d5dcdba551d81bf6e492a4374d319b8032588abb5688f7;01d8f17b2a51b9e8149c4569c49c9c1043a37be1a6ab9c1855f5d0fe1bd0be6e;acf7afc3c247d0604e6d234424ae43aee7bafb1806169688ddccb1c50f53c874,8;5;8;5;8;5;8;5;8;5;8;5,"[""I'm sorry, but I don't"", ""A wave 0"", ""I'm sorry, but I can't"", ""B wave 0"", ""I'm sorry, but I can't"", ""C wave 0"", ""I'm sorry, but I don't"", ""A wave 1"", ""I'm sorry, but I can't"", ""B wave 1"", ""I'm sorry, but I don't"", ""C wave 1""]",0;1;2;3;4;5,0;1;2;3;4;5|0;1;2;3;4;5,10,0.75,9.0,0.0,0.0,0.0,0.0,0.0,0.0,9.0,1.0,1.4,"{""+Inf"":9.0,""1"":9.0,""10"":9.0,""100"":9.0,""2"":9.0,""20"":9.0,""250"":9.0,""5"":9.0,""50"":9.0}",,,,cpu/upstream;cpu/always;cuda/learned;cpu/rule;cuda/rule;cpu/learned;cuda/always;cuda/upstream,7,cuda/always,0
cpu,always,2,4031.4888999992036,1888.8099499990858,4708.449069999006,8570.715800000471,01d8f17b2a51b9e8149c4569c49c9c1043a37be1a6ab9c1855f5d0fe1bd0be6e;919cadbbbfc921cef1c7530228b78d679f0173d18c1b76ae3fdc5cd7489bbe21;b74ed76e54491fe1515172404b915cf994859850821b955d8dc6d0da2fda9bfb;9e143aab4a8501513a1b536176c207d7492cc26e6185b87d4b6c30969b68f243;01d8f17b2a51b9e8149c4569c49c9c1043a37be1a6ab9c1855f5d0fe1bd0be6e;328d4e1100d6bd74ac6d258a23fdecbdc53b429e236e1a4454da71ea77cb67ec;01d8f17b2a51b9e8149c4569c49c9c1043a37be1a6ab9c1855f5d0fe1bd0be6e;eeffedc824c0f817a378c95fa81fc66204aaaaff6784b822db3b9fe0a57313df;b74ed76e54491fe1515172404b915cf994859850821b955d8dc6d0da2fda9bfb;427d1afe29cf63f0a4d5dcdba551d81bf6e492a4374d319b8032588abb5688f7;01d8f17b2a51b9e8149c4569c49c9c1043a37be1a6ab9c1855f5d0fe1bd0be6e;acf7afc3c247d0604e6d234424ae43aee7bafb1806169688ddccb1c50f53c874,8;5;8;5;8;5;8;5;8;5;8;5,"[""I'm sorry, but I don't"", ""A wave 0"", ""I'm sorry, but I can't"", ""B wave 0"", ""I'm sorry, but I don't"", ""C wave 0"", ""I'm sorry, but I don't"", ""A wave 1"", ""I'm sorry, but I can't"", ""B wave 1"", ""I'm sorry, but I don't"", ""C wave 1""]",0;1;2;3;4;5,0;1;2;3;4;5|0;1;2;3;4;5,10,0.6666666666666666,0.0,27.0,0.0,0.0,0.0,0.0,0.0,27.0,1.0,4.7,"{""+Inf"":27.0,""1"":27.0,""10"":27.0,""100"":27.0,""2"":27.0,""20"":27.0,""250"":27.0,""5"":27.0,""50"":27.0}",,,,cpu/always;cpu/rule;cpu/upstream;cpu/learned;cuda/learned;cuda/upstream;cuda/rule;cuda/always,0,trial_washout,1000
cpu,rule,2,4284.852050001064,2269.42445000077,4908.1266000013775,8061.710400001175,b74ed76e54491fe1515172404b915cf994859850821b955d8dc6d0da2fda9bfb;919cadbbbfc921cef1c7530228b78d679f0173d18c1b76ae3fdc5cd7489bbe21;01d8f17b2a51b9e8149c4569c49c9c1043a37be1a6ab9c1855f5d0fe1bd0be6e;9e143aab4a8501513a1b536176c207d7492cc26e6185b87d4b6c30969b68f243;01d8f17b2a51b9e8149c4569c49c9c1043a37be1a6ab9c1855f5d0fe1bd0be6e;328d4e1100d6bd74ac6d258a23fdecbdc53b429e236e1a4454da71ea77cb67ec;01d8f17b2a51b9e8149c4569c49c9c1043a37be1a6ab9c1855f5d0fe1bd0be6e;eeffedc824c0f817a378c95fa81fc66204aaaaff6784b822db3b9fe0a57313df;b74ed76e54491fe1515172404b915cf994859850821b955d8dc6d0da2fda9bfb;427d1afe29cf63f0a4d5dcdba551d81bf6e492a4374d319b8032588abb5688f7;b74ed76e54491fe1515172404b915cf994859850821b955d8dc6d0da2fda9bfb;acf7afc3c247d0604e6d234424ae43aee7bafb1806169688ddccb1c50f53c874,8;5;8;5;8;5;8;5;8;5;8;5,"[""I'm sorry, but I can't"", ""A wave 0"", ""I'm sorry, but I don't"", ""B wave 0"", ""I'm sorry, but I don't"", ""C wave 0"", ""I'm sorry, but I don't"", ""A wave 1"", ""I'm sorry, but I can't"", ""B wave 1"", ""I'm sorry, but I can't"", ""C wave 1""]",0;1;2;3;4;5,0;1;2;3;4;5|0;1;2;3;4;5,10,0.6666666666666666,6.0,2.0,0.0,0.0,0.0,0.0,0.0,8.0,1.0,3.0,"{""+Inf"":8.0,""1"":8.0,""10"":8.0,""100"":8.0,""2"":8.0,""20"":8.0,""250"":8.0,""5"":8.0,""50"":8.0}",,,,cpu/always;cpu/rule;cpu/upstream;cpu/learned;cuda/learned;cuda/upstream;cuda/rule;cuda/always,1,cpu/always,1000
cpu,upstream,2,5595.548699999199,3623.6103249993903,5432.211044999167,7887.753499999235,b74ed76e54491fe1515172404b915cf994859850821b955d8dc6d0da2fda9bfb;919cadbbbfc921cef1c7530228b78d679f0173d18c1b76ae3fdc5cd7489bbe21;b74ed76e54491fe1515172404b915cf994859850821b955d8dc6d0da2fda9bfb;9e143aab4a8501513a1b536176c207d7492cc26e6185b87d4b6c30969b68f243;b74ed76e54491fe1515172404b915cf994859850821b955d8dc6d0da2fda9bfb;328d4e1100d6bd74ac6d258a23fdecbdc53b429e236e1a4454da71ea77cb67ec;01d8f17b2a51b9e8149c4569c49c9c1043a37be1a6ab9c1855f5d0fe1bd0be6e;eeffedc824c0f817a378c95fa81fc66204aaaaff6784b822db3b9fe0a57313df;b74ed76e54491fe1515172404b915cf994859850821b955d8dc6d0da2fda9bfb;427d1afe29cf63f0a4d5dcdba551d81bf6e492a4374d319b8032588abb5688f7;b74ed76e54491fe1515172404b915cf994859850821b955d8dc6d0da2fda9bfb;acf7afc3c247d0604e6d234424ae43aee7bafb1806169688ddccb1c50f53c874,8;5;8;5;8;5;8;5;8;5;8;5,"[""I'm sorry, but I can't"", ""A wave 0"", ""I'm sorry, but I can't"", ""B wave 0"", ""I'm sorry, but I can't"", ""C wave 0"", ""I'm sorry, but I don't"", ""A wave 1"", ""I'm sorry, but I can't"", ""B wave 1"", ""I'm sorry, but I can't"", ""C wave 1""]",0;1;2;3;4;5,0;1;2;3;4;5|0;1;2;3;4;5,10,0.6666666666666666,0.0,0.0,0.0,0.0,0.0,0.0,0.0,0.0,0.0,0.0,"{""+Inf"":0.0,""1"":0.0,""10"":0.0,""100"":0.0,""2"":0.0,""20"":0.0,""250"":0.0,""5"":0.0,""50"":0.0}",,,,cpu/always;cpu/rule;cpu/upstream;cpu/learned;cuda/learned;cuda/upstream;cuda/rule;cuda/always,2,cpu/rule,1000
cpu,learned,2,4171.3644000019485,2185.9534500017617,4820.781150001493,7941.643800000747,b74ed76e54491fe1515172404b915cf994859850821b955d8dc6d0da2fda9bfb;919cadbbbfc921cef1c7530228b78d679f0173d18c1b76ae3fdc5cd7489bbe21;01d8f17b2a51b9e8149c4569c49c9c1043a37be1a6ab9c1855f5d0fe1bd0be6e;9e143aab4a8501513a1b536176c207d7492cc26e6185b87d4b6c30969b68f243;b74ed76e54491fe1515172404b915cf994859850821b955d8dc6d0da2fda9bfb;328d4e1100d6bd74ac6d258a23fdecbdc53b429e236e1a4454da71ea77cb67ec;01d8f17b2a51b9e8149c4569c49c9c1043a37be1a6ab9c1855f5d0fe1bd0be6e;eeffedc824c0f817a378c95fa81fc66204aaaaff6784b822db3b9fe0a57313df;b74ed76e54491fe1515172404b915cf994859850821b955d8dc6d0da2fda9bfb;427d1afe29cf63f0a4d5dcdba551d81bf6e492a4374d319b8032588abb5688f7;b74ed76e54491fe1515172404b915cf994859850821b955d8dc6d0da2fda9bfb;acf7afc3c247d0604e6d234424ae43aee7bafb1806169688ddccb1c50f53c874,8;5;8;5;8;5;8;5;8;5;8;5,"[""I'm sorry, but I can't"", ""A wave 0"", ""I'm sorry, but I don't"", ""B wave 0"", ""I'm sorry, but I can't"", ""C wave 0"", ""I'm sorry, but I don't"", ""A wave 1"", ""I'm sorry, but I can't"", ""B wave 1"", ""I'm sorry, but I can't"", ""C wave 1""]",0;1;2;3;4;5,0;1;2;3;4;5|0;1;2;3;4;5,10,0.6666666666666666,6.0,3.0,3.0,6.0,0.0,0.0,0.0,9.0,2.0,4.1,"{""+Inf"":9.0,""1"":8.0,""10"":9.0,""100"":9.0,""2"":9.0,""20"":9.0,""250"":9.0,""5"":9.0,""50"":9.0}",4031.4888999992036,0.03469574231068144,-0.2545209373296053,cpu/always;cpu/rule;cpu/upstream;cpu/learned;cuda/learned;cuda/upstream;cuda/rule;cuda/always,3,cpu/upstream,1000
cuda,learned,2,279.54597500047385,119.40885000058188,227.44435500007967,640.5484999995679,01d8f17b2a51b9e8149c4569c49c9c1043a37be1a6ab9c1855f5d0fe1bd0be6e;919cadbbbfc921cef1c7530228b78d679f0173d18c1b76ae3fdc5cd7489bbe21;b74ed76e54491fe1515172404b915cf994859850821b955d8dc6d0da2fda9bfb;9e143aab4a8501513a1b536176c207d7492cc26e6185b87d4b6c30969b68f243;b74ed76e54491fe1515172404b915cf994859850821b955d8dc6d0da2fda9bfb;328d4e1100d6bd74ac6d258a23fdecbdc53b429e236e1a4454da71ea77cb67ec;01d8f17b2a51b9e8149c4569c49c9c1043a37be1a6ab9c1855f5d0fe1bd0be6e;eeffedc824c0f817a378c95fa81fc66204aaaaff6784b822db3b9fe0a57313df;b74ed76e54491fe1515172404b915cf994859850821b955d8dc6d0da2fda9bfb;427d1afe29cf63f0a4d5dcdba551d81bf6e492a4374d319b8032588abb5688f7;b74ed76e54491fe1515172404b915cf994859850821b955d8dc6d0da2fda9bfb;7e2e34e5f349d9a4f49c54d81854add089e439b9a9fd7d8def4d711103cbe53f,8;5;8;5;8;5;8;5;8;5;8;29,"[""I'm sorry, but I don't"", ""A wave 0"", ""I'm sorry, but I can't"", ""B wave 0"", ""I'm sorry, but I can't"", ""C wave 0"", ""I'm sorry, but I don't"", ""A wave 1"", ""I'm sorry, but I can't"", ""B wave 1"", ""I'm sorry, but I can't"", ""C wave 1 is a deterministic algorithm used in shared production serving contexts to ensure that resources are allocated efficiently and that the system remains stable.""]",0;1;2;3;4;5,0;1;2;3;4;5|0;1;2;3;4;5,10,0.75,9.0,0.0,0.0,4.0,0.0,0.0,0.0,9.0,5.0,7.7,"{""+Inf"":9.0,""1"":7.0,""10"":9.0,""100"":9.0,""2"":8.0,""20"":9.0,""250"":9.0,""5"":9.0,""50"":9.0}",251.55384999834496,0.11127686975298949,-0.06186361101660803,cpu/always;cpu/rule;cpu/upstream;cpu/learned;cuda/learned;cuda/upstream;cuda/rule;cuda/always,4,cpu/learned,1000
cuda,upstream,2,297.98009999740316,121.70149999747082,271.52460499946756,705.1143999997294,01d8f17b2a51b9e8149c4569c49c9c1043a37be1a6ab9c1855f5d0fe1bd0be6e;919cadbbbfc921cef1c7530228b78d679f0173d18c1b76ae3fdc5cd7489bbe21;b74ed76e54491fe1515172404b915cf994859850821b955d8dc6d0da2fda9bfb;9e143aab4a8501513a1b536176c207d7492cc26e6185b87d4b6c30969b68f243;01d8f17b2a51b9e8149c4569c49c9c1043a37be1a6ab9c1855f5d0fe1bd0be6e;328d4e1100d6bd74ac6d258a23fdecbdc53b429e236e1a4454da71ea77cb67ec;01d8f17b2a51b9e8149c4569c49c9c1043a37be1a6ab9c1855f5d0fe1bd0be6e;eeffedc824c0f817a378c95fa81fc66204aaaaff6784b822db3b9fe0a57313df;b74ed76e54491fe1515172404b915cf994859850821b955d8dc6d0da2fda9bfb;427d1afe29cf63f0a4d5dcdba551d81bf6e492a4374d319b8032588abb5688f7;01d8f17b2a51b9e8149c4569c49c9c1043a37be1a6ab9c1855f5d0fe1bd0be6e;7e2e34e5f349d9a4f49c54d81854add089e439b9a9fd7d8def4d711103cbe53f,8;5;8;5;8;5;8;5;8;5;8;29,"[""I'm sorry, but I don't"", ""A wave 0"", ""I'm sorry, but I can't"", ""B wave 0"", ""I'm sorry, but I don't"", ""C wave 0"", ""I'm sorry, but I don't"", ""A wave 1"", ""I'm sorry, but I can't"", ""B wave 1"", ""I'm sorry, but I don't"", ""C wave 1 is a deterministic algorithm used in shared production serving contexts to ensure that resources are allocated efficiently and that the system remains stable.""]",0;1;2;3;4;5,0;1;2;3;4;5|0;1;2;3;4;5,10,0.75,9.0,0.0,0.0,0.0,0.0,0.0,0.0,9.0,1.0,2.7,"{""+Inf"":9.0,""1"":9.0,""10"":9.0,""100"":9.0,""2"":9.0,""20"":9.0,""250"":9.0,""5"":9.0,""50"":9.0}",,,,cpu/always;cpu/rule;cpu/upstream;cpu/learned;cuda/learned;cuda/upstream;cuda/rule;cuda/always,5,cuda/learned,1000
cuda,rule,2,288.4830499988311,114.48742499851505,255.31821500026126,695.9825000012643,01d8f17b2a51b9e8149c4569c49c9c1043a37be1a6ab9c1855f5d0fe1bd0be6e;919cadbbbfc921cef1c7530228b78d679f0173d18c1b76ae3fdc5cd7489bbe21;b74ed76e54491fe1515172404b915cf994859850821b955d8dc6d0da2fda9bfb;9e143aab4a8501513a1b536176c207d7492cc26e6185b87d4b6c30969b68f243;01d8f17b2a51b9e8149c4569c49c9c1043a37be1a6ab9c1855f5d0fe1bd0be6e;328d4e1100d6bd74ac6d258a23fdecbdc53b429e236e1a4454da71ea77cb67ec;01d8f17b2a51b9e8149c4569c49c9c1043a37be1a6ab9c1855f5d0fe1bd0be6e;eeffedc824c0f817a378c95fa81fc66204aaaaff6784b822db3b9fe0a57313df;b74ed76e54491fe1515172404b915cf994859850821b955d8dc6d0da2fda9bfb;427d1afe29cf63f0a4d5dcdba551d81bf6e492a4374d319b8032588abb5688f7;01d8f17b2a51b9e8149c4569c49c9c1043a37be1a6ab9c1855f5d0fe1bd0be6e;db799ba0f780cdbb46015db711696eb82b39d3ccdffd193851fdd4fddbab8aef,8;5;8;5;8;5;8;5;8;5;8;33,"[""I'm sorry, but I don't"", ""A wave 0"", ""I'm sorry, but I can't"", ""B wave 0"", ""I'm sorry, but I don't"", ""C wave 0"", ""I'm sorry, but I don't"", ""A wave 1"", ""I'm sorry, but I can't"", ""B wave 1"", ""I'm sorry, but I don't"", ""C wave 1 is a deterministic algorithm used in shared production serving contexts to ensure that resources are allocated in a way that maximizes throughput and minimizes latency.""]",0;1;2;3;4;5,0;1;2;3;4;5|0;1;2;3;4;5,10,0.75,7.0,4.0,0.0,0.0,0.0,0.0,0.0,11.0,1.0,2.4,"{""+Inf"":11.0,""1"":11.0,""10"":11.0,""100"":11.0,""2"":11.0,""20"":11.0,""250"":11.0,""5"":11.0,""50"":11.0}",,,,cpu/always;cpu/rule;cpu/upstream;cpu/learned;cuda/learned;cuda/upstream;cuda/rule;cuda/always,6,cuda/upstream,1000
cuda,always,2,251.55384999834496,86.11557499807532,305.2384050011824,661.7531000010786,01d8f17b2a51b9e8149c4569c49c9c1043a37be1a6ab9c1855f5d0fe1bd0be6e;919cadbbbfc921cef1c7530228b78d679f0173d18c1b76ae3fdc5cd7489bbe21;b74ed76e54491fe1515172404b915cf994859850821b955d8dc6d0da2fda9bfb;9e143aab4a8501513a1b536176c207d7492cc26e6185b87d4b6c30969b68f243;01d8f17b2a51b9e8149c4569c49c9c1043a37be1a6ab9c1855f5d0fe1bd0be6e;328d4e1100d6bd74ac6d258a23fdecbdc53b429e236e1a4454da71ea77cb67ec;01d8f17b2a51b9e8149c4569c49c9c1043a37be1a6ab9c1855f5d0fe1bd0be6e;eeffedc824c0f817a378c95fa81fc66204aaaaff6784b822db3b9fe0a57313df;b74ed76e54491fe1515172404b915cf994859850821b955d8dc6d0da2fda9bfb;427d1afe29cf63f0a4d5dcdba551d81bf6e492a4374d319b8032588abb5688f7;b74ed76e54491fe1515172404b915cf994859850821b955d8dc6d0da2fda9bfb;acf7afc3c247d0604e6d234424ae43aee7bafb1806169688ddccb1c50f53c874,8;5;8;5;8;5;8;5;8;5;8;5,"[""I'm sorry, but I don't"", ""A wave 0"", ""I'm sorry, but I can't"", ""B wave 0"", ""I'm sorry, but I don't"", ""C wave 0"", ""I'm sorry, but I don't"", ""A wave 1"", ""I'm sorry, but I can't"", ""B wave 1"", ""I'm sorry, but I can't"", ""C wave 1""]",0;1;2;3;4;5,0;1;2;3;4;5|0;1;2;3;4;5,10,0.75,0.0,21.0,0.0,0.0,0.0,0.0,0.0,21.0,1.0,3.3,"{""+Inf"":21.0,""1"":21.0,""10"":21.0,""100"":21.0,""2"":21.0,""20"":21.0,""250"":21.0,""5"":21.0,""50"":21.0}",,,,cpu/always;cpu/rule;cpu/upstream;cpu/learned;cuda/learned;cuda/upstream;cuda/rule;cuda/always,7,cuda/rule,1000
cpu,rule,3,4226.59087500233,2235.134100002142,4843.32087000057,7965.827100000752,b74ed76e54491fe1515172404b915cf994859850821b955d8dc6d0da2fda9bfb;919cadbbbfc921cef1c7530228b78d679f0173d18c1b76ae3fdc5cd7489bbe21;01d8f17b2a51b9e8149c4569c49c9c1043a37be1a6ab9c1855f5d0fe1bd0be6e;9e143aab4a8501513a1b536176c207d7492cc26e6185b87d4b6c30969b68f243;b74ed76e54491fe1515172404b915cf994859850821b955d8dc6d0da2fda9bfb;328d4e1100d6bd74ac6d258a23fdecbdc53b429e236e1a4454da71ea77cb67ec;01d8f17b2a51b9e8149c4569c49c9c1043a37be1a6ab9c1855f5d0fe1bd0be6e;eeffedc824c0f817a378c95fa81fc66204aaaaff6784b822db3b9fe0a57313df;b74ed76e54491fe1515172404b915cf994859850821b955d8dc6d0da2fda9bfb;427d1afe29cf63f0a4d5dcdba551d81bf6e492a4374d319b8032588abb5688f7;b74ed76e54491fe1515172404b915cf994859850821b955d8dc6d0da2fda9bfb;acf7afc3c247d0604e6d234424ae43aee7bafb1806169688ddccb1c50f53c874,8;5;8;5;8;5;8;5;8;5;8;5,"[""I'm sorry, but I can't"", ""A wave 0"", ""I'm sorry, but I don't"", ""B wave 0"", ""I'm sorry, but I can't"", ""C wave 0"", ""I'm sorry, but I don't"", ""A wave 1"", ""I'm sorry, but I can't"", ""B wave 1"", ""I'm sorry, but I can't"", ""C wave 1""]",0;1;2;3;4;5,0;1;2;3;4;5|0;1;2;3;4;5,10,0.6666666666666666,6.0,2.0,0.0,0.0,0.0,0.0,0.0,8.0,1.0,1.8,"{""+Inf"":8.0,""1"":8.0,""10"":8.0,""100"":8.0,""2"":8.0,""20"":8.0,""250"":8.0,""5"":8.0,""50"":8.0}",,,,cpu/rule;cpu/learned;cpu/always;cuda/upstream;cpu/upstream;cuda/always;cuda/learned;cuda/rule,0,trial_washout,1000
cpu,learned,3,4178.741825000543,2202.5504250004815,4784.915160000672,7904.765600000246,b74ed76e54491fe1515172404b915cf994859850821b955d8dc6d0da2fda9bfb;919cadbbbfc921cef1c7530228b78d679f0173d18c1b76ae3fdc5cd7489bbe21;b74ed76e54491fe1515172404b915cf994859850821b955d8dc6d0da2fda9bfb;9e143aab4a8501513a1b536176c207d7492cc26e6185b87d4b6c30969b68f243;01d8f17b2a51b9e8149c4569c49c9c1043a37be1a6ab9c1855f5d0fe1bd0be6e;328d4e1100d6bd74ac6d258a23fdecbdc53b429e236e1a4454da71ea77cb67ec;01d8f17b2a51b9e8149c4569c49c9c1043a37be1a6ab9c1855f5d0fe1bd0be6e;eeffedc824c0f817a378c95fa81fc66204aaaaff6784b822db3b9fe0a57313df;b74ed76e54491fe1515172404b915cf994859850821b955d8dc6d0da2fda9bfb;427d1afe29cf63f0a4d5dcdba551d81bf6e492a4374d319b8032588abb5688f7;01d8f17b2a51b9e8149c4569c49c9c1043a37be1a6ab9c1855f5d0fe1bd0be6e;acf7afc3c247d0604e6d234424ae43aee7bafb1806169688ddccb1c50f53c874,8;5;8;5;8;5;8;5;8;5;8;5,"[""I'm sorry, but I can't"", ""A wave 0"", ""I'm sorry, but I can't"", ""B wave 0"", ""I'm sorry, but I don't"", ""C wave 0"", ""I'm sorry, but I don't"", ""A wave 1"", ""I'm sorry, but I can't"", ""B wave 1"", ""I'm sorry, but I don't"", ""C wave 1""]",0;1;2;3;4;5,0;1;2;3;4;5|0;1;2;3;4;5,10,0.6666666666666666,6.0,3.0,3.0,6.0,0.0,0.0,0.0,9.0,1.0,4.3,"{""+Inf"":9.0,""1"":9.0,""10"":9.0,""100"":9.0,""2"":9.0,""20"":9.0,""250"":9.0,""5"":9.0,""50"":9.0}",4044.021824999618,0.03331337115148678,-0.25860629482585934,cpu/rule;cpu/learned;cpu/always;cuda/upstream;cpu/upstream;cuda/always;cuda/learned;cuda/rule,1,cpu/rule,1000
cpu,always,3,4044.021824999618,1902.6142999991862,4765.464315000099,8565.630100001727,01d8f17b2a51b9e8149c4569c49c9c1043a37be1a6ab9c1855f5d0fe1bd0be6e;919cadbbbfc921cef1c7530228b78d679f0173d18c1b76ae3fdc5cd7489bbe21;b74ed76e54491fe1515172404b915cf994859850821b955d8dc6d0da2fda9bfb;9e143aab4a8501513a1b536176c207d7492cc26e6185b87d4b6c30969b68f243;01d8f17b2a51b9e8149c4569c49c9c1043a37be1a6ab9c1855f5d0fe1bd0be6e;328d4e1100d6bd74ac6d258a23fdecbdc53b429e236e1a4454da71ea77cb67ec;01d8f17b2a51b9e8149c4569c49c9c1043a37be1a6ab9c1855f5d0fe1bd0be6e;eeffedc824c0f817a378c95fa81fc66204aaaaff6784b822db3b9fe0a57313df;b74ed76e54491fe1515172404b915cf994859850821b955d8dc6d0da2fda9bfb;427d1afe29cf63f0a4d5dcdba551d81bf6e492a4374d319b8032588abb5688f7;01d8f17b2a51b9e8149c4569c49c9c1043a37be1a6ab9c1855f5d0fe1bd0be6e;acf7afc3c247d0604e6d234424ae43aee7bafb1806169688ddccb1c50f53c874,8;5;8;5;8;5;8;5;8;5;8;5,"[""I'm sorry, but I don't"", ""A wave 0"", ""I'm sorry, but I can't"", ""B wave 0"", ""I'm sorry, but I don't"", ""C wave 0"", ""I'm sorry, but I don't"", ""A wave 1"", ""I'm sorry, but I can't"", ""B wave 1"", ""I'm sorry, but I don't"", ""C wave 1""]",0;1;2;3;4;5,0;1;2;3;4;5|0;1;2;3;4;5,10,0.6666666666666666,0.0,27.0,0.0,0.0,0.0,0.0,0.0,27.0,1.0,5.3,"{""+Inf"":27.0,""1"":27.0,""10"":27.0,""100"":27.0,""2"":27.0,""20"":27.0,""250"":27.0,""5"":27.0,""50"":27.0}",,,,cpu/rule;cpu/learned;cpu/always;cuda/upstream;cpu/upstream;cuda/always;cuda/learned;cuda/rule,2,cpu/learned,1000
cuda,upstream,3,240.2323249989422,105.17969999909837,220.98806999983935,540.2104999993753,01d8f17b2a51b9e8149c4569c49c9c1043a37be1a6ab9c1855f5d0fe1bd0be6e;919cadbbbfc921cef1c7530228b78d679f0173d18c1b76ae3fdc5cd7489bbe21;b74ed76e54491fe1515172404b915cf994859850821b955d8dc6d0da2fda9bfb;9e143aab4a8501513a1b536176c207d7492cc26e6185b87d4b6c30969b68f243;b74ed76e54491fe1515172404b915cf994859850821b955d8dc6d0da2fda9bfb;328d4e1100d6bd74ac6d258a23fdecbdc53b429e236e1a4454da71ea77cb67ec;01d8f17b2a51b9e8149c4569c49c9c1043a37be1a6ab9c1855f5d0fe1bd0be6e;eeffedc824c0f817a378c95fa81fc66204aaaaff6784b822db3b9fe0a57313df;b74ed76e54491fe1515172404b915cf994859850821b955d8dc6d0da2fda9bfb;427d1afe29cf63f0a4d5dcdba551d81bf6e492a4374d319b8032588abb5688f7;01d8f17b2a51b9e8149c4569c49c9c1043a37be1a6ab9c1855f5d0fe1bd0be6e;acf7afc3c247d0604e6d234424ae43aee7bafb1806169688ddccb1c50f53c874,8;5;8;5;8;5;8;5;8;5;8;5,"[""I'm sorry, but I don't"", ""A wave 0"", ""I'm sorry, but I can't"", ""B wave 0"", ""I'm sorry, but I can't"", ""C wave 0"", ""I'm sorry, but I don't"", ""A wave 1"", ""I'm sorry, but I can't"", ""B wave 1"", ""I'm sorry, but I don't"", ""C wave 1""]",0;1;2;3;4;5,0;1;2;3;4;5|0;1;2;3;4;5,10,0.6666666666666666,7.0,0.0,0.0,0.0,0.0,0.0,0.0,7.0,1.0,1.7,"{""+Inf"":7.0,""1"":7.0,""10"":7.0,""100"":7.0,""2"":7.0,""20"":7.0,""250"":7.0,""5"":7.0,""50"":7.0}",,,,cpu/rule;cpu/learned;cpu/always;cuda/upstream;cpu/upstream;cuda/always;cuda/learned;cuda/rule,3,cpu/always,1000
cpu,upstream,3,5636.333025000567,3670.2199250003105,5454.279870000391,7864.452400001028,b74ed76e54491fe1515172404b915cf994859850821b955d8dc6d0da2fda9bfb;919cadbbbfc921cef1c7530228b78d679f0173d18c1b76ae3fdc5cd7489bbe21;b74ed76e54491fe1515172404b915cf994859850821b955d8dc6d0da2fda9bfb;9e143aab4a8501513a1b536176c207d7492cc26e6185b87d4b6c30969b68f243;b74ed76e54491fe1515172404b915cf994859850821b955d8dc6d0da2fda9bfb;328d4e1100d6bd74ac6d258a23fdecbdc53b429e236e1a4454da71ea77cb67ec;01d8f17b2a51b9e8149c4569c49c9c1043a37be1a6ab9c1855f5d0fe1bd0be6e;eeffedc824c0f817a378c95fa81fc66204aaaaff6784b822db3b9fe0a57313df;b74ed76e54491fe1515172404b915cf994859850821b955d8dc6d0da2fda9bfb;427d1afe29cf63f0a4d5dcdba551d81bf6e492a4374d319b8032588abb5688f7;b74ed76e54491fe1515172404b915cf994859850821b955d8dc6d0da2fda9bfb;acf7afc3c247d0604e6d234424ae43aee7bafb1806169688ddccb1c50f53c874,8;5;8;5;8;5;8;5;8;5;8;5,"[""I'm sorry, but I can't"", ""A wave 0"", ""I'm sorry, but I can't"", ""B wave 0"", ""I'm sorry, but I can't"", ""C wave 0"", ""I'm sorry, but I don't"", ""A wave 1"", ""I'm sorry, but I can't"", ""B wave 1"", ""I'm sorry, but I can't"", ""C wave 1""]",0;1;2;3;4;5,0;1;2;3;4;5|0;1;2;3;4;5,10,0.6666666666666666,0.0,0.0,0.0,0.0,0.0,0.0,0.0,0.0,0.0,0.0,"{""+Inf"":0.0,""1"":0.0,""10"":0.0,""100"":0.0,""2"":0.0,""20"":0.0,""250"":0.0,""5"":0.0,""50"":0.0}",,,,cpu/rule;cpu/learned;cpu/always;cuda/upstream;cpu/upstream;cuda/always;cuda/learned;cuda/rule,4,cuda/upstream,1000
cuda,always,3,270.3793750006298,104.29757500060077,312.09275999990496,664.3272000001161,01d8f17b2a51b9e8149c4569c49c9c1043a37be1a6ab9c1855f5d0fe1bd0be6e;919cadbbbfc921cef1c7530228b78d679f0173d18c1b76ae3fdc5cd7489bbe21;b74ed76e54491fe1515172404b915cf994859850821b955d8dc6d0da2fda9bfb;9e143aab4a8501513a1b536176c207d7492cc26e6185b87d4b6c30969b68f243;01d8f17b2a51b9e8149c4569c49c9c1043a37be1a6ab9c1855f5d0fe1bd0be6e;328d4e1100d6bd74ac6d258a23fdecbdc53b429e236e1a4454da71ea77cb67ec;01d8f17b2a51b9e8149c4569c49c9c1043a37be1a6ab9c1855f5d0fe1bd0be6e;eeffedc824c0f817a378c95fa81fc66204aaaaff6784b822db3b9fe0a57313df;b74ed76e54491fe1515172404b915cf994859850821b955d8dc6d0da2fda9bfb;427d1afe29cf63f0a4d5dcdba551d81bf6e492a4374d319b8032588abb5688f7;01d8f17b2a51b9e8149c4569c49c9c1043a37be1a6ab9c1855f5d0fe1bd0be6e;acf7afc3c247d0604e6d234424ae43aee7bafb1806169688ddccb1c50f53c874,8;5;8;5;8;5;8;5;8;5;8;5,"[""I'm sorry, but I don't"", ""A wave 0"", ""I'm sorry, but I can't"", ""B wave 0"", ""I'm sorry, but I don't"", ""C wave 0"", ""I'm sorry, but I don't"", ""A wave 1"", ""I'm sorry, but I can't"", ""B wave 1"", ""I'm sorry, but I don't"", ""C wave 1""]",0;1;2;3;4;5,0;1;2;3;4;5|0;1;2;3;4;5,10,0.6666666666666666,0.0,21.0,0.0,0.0,0.0,0.0,0.0,21.0,1.0,2.7,"{""+Inf"":21.0,""1"":21.0,""10"":21.0,""100"":21.0,""2"":21.0,""20"":21.0,""250"":21.0,""5"":21.0,""50"":21.0}",,,,cpu/rule;cpu/learned;cpu/always;cuda/upstream;cpu/upstream;cuda/always;cuda/learned;cuda/rule,5,cpu/upstream,1000
cuda,learned,3,289.0932500022245,113.50847500216332,263.8222150004367,702.3391000002448,01d8f17b2a51b9e8149c4569c49c9c1043a37be1a6ab9c1855f5d0fe1bd0be6e;919cadbbbfc921cef1c7530228b78d679f0173d18c1b76ae3fdc5cd7489bbe21;b74ed76e54491fe1515172404b915cf994859850821b955d8dc6d0da2fda9bfb;9e143aab4a8501513a1b536176c207d7492cc26e6185b87d4b6c30969b68f243;01d8f17b2a51b9e8149c4569c49c9c1043a37be1a6ab9c1855f5d0fe1bd0be6e;328d4e1100d6bd74ac6d258a23fdecbdc53b429e236e1a4454da71ea77cb67ec;01d8f17b2a51b9e8149c4569c49c9c1043a37be1a6ab9c1855f5d0fe1bd0be6e;eeffedc824c0f817a378c95fa81fc66204aaaaff6784b822db3b9fe0a57313df;b74ed76e54491fe1515172404b915cf994859850821b955d8dc6d0da2fda9bfb;427d1afe29cf63f0a4d5dcdba551d81bf6e492a4374d319b8032588abb5688f7;01d8f17b2a51b9e8149c4569c49c9c1043a37be1a6ab9c1855f5d0fe1bd0be6e;7e2e34e5f349d9a4f49c54d81854add089e439b9a9fd7d8def4d711103cbe53f,8;5;8;5;8;5;8;5;8;5;8;29,"[""I'm sorry, but I don't"", ""A wave 0"", ""I'm sorry, but I can't"", ""B wave 0"", ""I'm sorry, but I don't"", ""C wave 0"", ""I'm sorry, but I don't"", ""A wave 1"", ""I'm sorry, but I can't"", ""B wave 1"", ""I'm sorry, but I don't"", ""C wave 1 is a deterministic algorithm used in shared production serving contexts to ensure that resources are allocated efficiently and that the system remains stable.""]",0;1;2;3;4;5,0;1;2;3;4;5|0;1;2;3;4;5,10,0.6666666666666666,9.0,0.0,0.0,4.0,0.0,0.0,0.0,9.0,1.0,2.1,"{""+Inf"":9.0,""1"":9.0,""10"":9.0,""100"":9.0,""2"":9.0,""20"":9.0,""250"":9.0,""5"":9.0,""50"":9.0}",240.2323249989422,0.20339030146545625,0.20339030146545625,cpu/rule;cpu/learned;cpu/always;cuda/upstream;cpu/upstream;cuda/always;cuda/learned;cuda/rule,6,cuda/always,1000
cuda,rule,3,298.7279500002842,117.3449249999976,256.33867500073393,725.5321000011463,01d8f17b2a51b9e8149c4569c49c9c1043a37be1a6ab9c1855f5d0fe1bd0be6e;919cadbbbfc921cef1c7530228b78d679f0173d18c1b76ae3fdc5cd7489bbe21;01d8f17b2a51b9e8149c4569c49c9c1043a37be1a6ab9c1855f5d0fe1bd0be6e;9e143aab4a8501513a1b536176c207d7492cc26e6185b87d4b6c30969b68f243;b74ed76e54491fe1515172404b915cf994859850821b955d8dc6d0da2fda9bfb;328d4e1100d6bd74ac6d258a23fdecbdc53b429e236e1a4454da71ea77cb67ec;01d8f17b2a51b9e8149c4569c49c9c1043a37be1a6ab9c1855f5d0fe1bd0be6e;eeffedc824c0f817a378c95fa81fc66204aaaaff6784b822db3b9fe0a57313df;b74ed76e54491fe1515172404b915cf994859850821b955d8dc6d0da2fda9bfb;427d1afe29cf63f0a4d5dcdba551d81bf6e492a4374d319b8032588abb5688f7;b74ed76e54491fe1515172404b915cf994859850821b955d8dc6d0da2fda9bfb;db799ba0f780cdbb46015db711696eb82b39d3ccdffd193851fdd4fddbab8aef,8;5;8;5;8;5;8;5;8;5;8;33,"[""I'm sorry, but I don't"", ""A wave 0"", ""I'm sorry, but I don't"", ""B wave 0"", ""I'm sorry, but I can't"", ""C wave 0"", ""I'm sorry, but I don't"", ""A wave 1"", ""I'm sorry, but I can't"", ""B wave 1"", ""I'm sorry, but I can't"", ""C wave 1 is a deterministic algorithm used in shared production serving contexts to ensure that resources are allocated in a way that maximizes throughput and minimizes latency.""]",0;1;2;3;4;5,0;1;2;3;4;5|0;1;2;3;4;5,10,0.6666666666666666,7.0,7.0,0.0,0.0,0.0,0.0,0.0,14.0,1.0,2.5,"{""+Inf"":14.0,""1"":14.0,""10"":14.0,""100"":14.0,""2"":14.0,""20"":14.0,""250"":14.0,""5"":14.0,""50"":14.0}",,,,cpu/rule;cpu/learned;cpu/always;cuda/upstream;cpu/upstream;cuda/always;cuda/learned;cuda/rule,7,cuda/learned,1000
cpu,learned,4,4102.1411000001535,2136.6397500005405,4733.9766849994685,7862.005399998452,b74ed76e54491fe1515172404b915cf994859850821b955d8dc6d0da2fda9bfb;919cadbbbfc921cef1c7530228b78d679f0173d18c1b76ae3fdc5cd7489bbe21;01d8f17b2a51b9e8149c4569c49c9c1043a37be1a6ab9c1855f5d0fe1bd0be6e;9e143aab4a8501513a1b536176c207d7492cc26e6185b87d4b6c30969b68f243;b74ed76e54491fe1515172404b915cf994859850821b955d8dc6d0da2fda9bfb;328d4e1100d6bd74ac6d258a23fdecbdc53b429e236e1a4454da71ea77cb67ec;01d8f17b2a51b9e8149c4569c49c9c1043a37be1a6ab9c1855f5d0fe1bd0be6e;eeffedc824c0f817a378c95fa81fc66204aaaaff6784b822db3b9fe0a57313df;b74ed76e54491fe1515172404b915cf994859850821b955d8dc6d0da2fda9bfb;427d1afe29cf63f0a4d5dcdba551d81bf6e492a4374d319b8032588abb5688f7;b74ed76e54491fe1515172404b915cf994859850821b955d8dc6d0da2fda9bfb;acf7afc3c247d0604e6d234424ae43aee7bafb1806169688ddccb1c50f53c874,8;5;8;5;8;5;8;5;8;5;8;5,"[""I'm sorry, but I can't"", ""A wave 0"", ""I'm sorry, but I don't"", ""B wave 0"", ""I'm sorry, but I can't"", ""C wave 0"", ""I'm sorry, but I don't"", ""A wave 1"", ""I'm sorry, but I can't"", ""B wave 1"", ""I'm sorry, but I can't"", ""C wave 1""]",0;1;2;3;4;5,0;1;2;3;4;5|0;1;2;3;4;5,10,0.6666666666666666,6.0,2.0,2.0,6.0,0.0,0.0,0.0,8.0,1.0,3.4,"{""+Inf"":8.0,""1"":8.0,""10"":8.0,""100"":8.0,""2"":8.0,""20"":8.0,""250"":8.0,""5"":8.0,""50"":8.0}",3666.152024999974,0.11892280298992311,-0.2861586108405833,cpu/learned;cuda/upstream;cpu/rule;cuda/always;cpu/always;cuda/rule;cpu/upstream;cuda/learned,0,trial_washout,1000
cuda,upstream,4,260.5772249999063,122.57402499926684,215.67906999935076,552.0128000025579,01d8f17b2a51b9e8149c4569c49c9c1043a37be1a6ab9c1855f5d0fe1bd0be6e;919cadbbbfc921cef1c7530228b78d679f0173d18c1b76ae3fdc5cd7489bbe21;b74ed76e54491fe1515172404b915cf994859850821b955d8dc6d0da2fda9bfb;9e143aab4a8501513a1b536176c207d7492cc26e6185b87d4b6c30969b68f243;b74ed76e54491fe1515172404b915cf994859850821b955d8dc6d0da2fda9bfb;328d4e1100d6bd74ac6d258a23fdecbdc53b429e236e1a4454da71ea77cb67ec;01d8f17b2a51b9e8149c4569c49c9c1043a37be1a6ab9c1855f5d0fe1bd0be6e;eeffedc824c0f817a378c95fa81fc66204aaaaff6784b822db3b9fe0a57313df;b74ed76e54491fe1515172404b915cf994859850821b955d8dc6d0da2fda9bfb;427d1afe29cf63f0a4d5dcdba551d81bf6e492a4374d319b8032588abb5688f7;01d8f17b2a51b9e8149c4569c49c9c1043a37be1a6ab9c1855f5d0fe1bd0be6e;acf7afc3c247d0604e6d234424ae43aee7bafb1806169688ddccb1c50f53c874,8;5;8;5;8;5;8;5;8;5;8;5,"[""I'm sorry, but I don't"", ""A wave 0"", ""I'm sorry, but I can't"", ""B wave 0"", ""I'm sorry, but I can't"", ""C wave 0"", ""I'm sorry, but I don't"", ""A wave 1"", ""I'm sorry, but I can't"", ""B wave 1"", ""I'm sorry, but I don't"", ""C wave 1""]",0;1;2;3;4;5,0;1;2;3;4;5|0;1;2;3;4;5,10,0.75,8.0,0.0,0.0,0.0,0.0,0.0,0.0,8.0,1.0,1.3,"{""+Inf"":8.0,""1"":8.0,""10"":8.0,""100"":8.0,""2"":8.0,""20"":8.0,""250"":8.0,""5"":8.0,""50"":8.0}",,,,cpu/learned;cuda/upstream;cpu/rule;cuda/always;cpu/always;cuda/rule;cpu/upstream;cuda/learned,1,cpu/learned,1000
cpu,rule,4,3666.152024999974,1558.7285250003333,6148.244650000561,8429.693999998563,01d8f17b2a51b9e8149c4569c49c9c1043a37be1a6ab9c1855f5d0fe1bd0be6e;919cadbbbfc921cef1c7530228b78d679f0173d18c1b76ae3fdc5cd7489bbe21;b74ed76e54491fe1515172404b915cf994859850821b955d8dc6d0da2fda9bfb;9e143aab4a8501513a1b536176c207d7492cc26e6185b87d4b6c30969b68f243;b74ed76e54491fe1515172404b915cf994859850821b955d8dc6d0da2fda9bfb;328d4e1100d6bd74ac6d258a23fdecbdc53b429e236e1a4454da71ea77cb67ec;01d8f17b2a51b9e8149c4569c49c9c1043a37be1a6ab9c1855f5d0fe1bd0be6e;eeffedc824c0f817a378c95fa81fc66204aaaaff6784b822db3b9fe0a57313df;b74ed76e54491fe1515172404b915cf994859850821b955d8dc6d0da2fda9bfb;427d1afe29cf63f0a4d5dcdba551d81bf6e492a4374d319b8032588abb5688f7;01d8f17b2a51b9e8149c4569c49c9c1043a37be1a6ab9c1855f5d0fe1bd0be6e;acf7afc3c247d0604e6d234424ae43aee7bafb1806169688ddccb1c50f53c874,8;5;8;5;8;5;8;5;8;5;8;5,"[""I'm sorry, but I don't"", ""A wave 0"", ""I'm sorry, but I can't"", ""B wave 0"", ""I'm sorry, but I can't"", ""C wave 0"", ""I'm sorry, but I don't"", ""A wave 1"", ""I'm sorry, but I can't"", ""B wave 1"", ""I'm sorry, but I don't"", ""C wave 1""]",0;1;2;3;4;5,0;1;2;3;4;5|0;1;2;3;4;5,10,0.6666666666666666,4.0,9.0,0.0,0.0,0.0,0.0,0.0,13.0,1.0,2.8,"{""+Inf"":13.0,""1"":13.0,""10"":13.0,""100"":13.0,""2"":13.0,""20"":13.0,""250"":13.0,""5"":13.0,""50"":13.0}",,,,cpu/learned;cuda/upstream;cpu/rule;cuda/always;cpu/always;cuda/rule;cpu/upstream;cuda/learned,2,cuda/upstream,1000
cuda,always,4,320.47667499955423,132.47492499976943,360.8180499988521,752.0069999991392,01d8f17b2a51b9e8149c4569c49c9c1043a37be1a6ab9c1855f5d0fe1bd0be6e;919cadbbbfc921cef1c7530228b78d679f0173d18c1b76ae3fdc5cd7489bbe21;b74ed76e54491fe1515172404b915cf994859850821b955d8dc6d0da2fda9bfb;9e143aab4a8501513a1b536176c207d7492cc26e6185b87d4b6c30969b68f243;01d8f17b2a51b9e8149c4569c49c9c1043a37be1a6ab9c1855f5d0fe1bd0be6e;328d4e1100d6bd74ac6d258a23fdecbdc53b429e236e1a4454da71ea77cb67ec;01d8f17b2a51b9e8149c4569c49c9c1043a37be1a6ab9c1855f5d0fe1bd0be6e;eeffedc824c0f817a378c95fa81fc66204aaaaff6784b822db3b9fe0a57313df;b74ed76e54491fe1515172404b915cf994859850821b955d8dc6d0da2fda9bfb;427d1afe29cf63f0a4d5dcdba551d81bf6e492a4374d319b8032588abb5688f7;01d8f17b2a51b9e8149c4569c49c9c1043a37be1a6ab9c1855f5d0fe1bd0be6e;acf7afc3c247d0604e6d234424ae43aee7bafb1806169688ddccb1c50f53c874,8;5;8;5;8;5;8;5;8;5;8;5,"[""I'm sorry, but I don't"", ""A wave 0"", ""I'm sorry, but I can't"", ""B wave 0"", ""I'm sorry, but I don't"", ""C wave 0"", ""I'm sorry, but I don't"", ""A wave 1"", ""I'm sorry, but I can't"", ""B wave 1"", ""I'm sorry, but I don't"", ""C wave 1""]",0;1;2;3;4;5,0;1;2;3;4;5|0;1;2;3;4;5,10,0.75,0.0,24.0,0.0,0.0,0.0,0.0,0.0,24.0,1.0,4.6,"{""+Inf"":24.0,""1"":24.0,""10"":24.0,""100"":24.0,""2"":24.0,""20"":24.0,""250"":24.0,""5"":24.0,""50"":24.0}",,,,cpu/learned;cuda/upstream;cpu/rule;cuda/always;cpu/always;cuda/rule;cpu/upstream;cuda/learned,3,cpu/rule,1000
cpu,always,4,4291.736075001609,1974.6595750020788,5055.2845949989205,9268.30599999812,01d8f17b2a51b9e8149c4569c49c9c1043a37be1a6ab9c1855f5d0fe1bd0be6e;919cadbbbfc921cef1c7530228b78d679f0173d18c1b76ae3fdc5cd7489bbe21;b74ed76e54491fe1515172404b915cf994859850821b955d8dc6d0da2fda9bfb;9e143aab4a8501513a1b536176c207d7492cc26e6185b87d4b6c30969b68f243;01d8f17b2a51b9e8149c4569c49c9c1043a37be1a6ab9c1855f5d0fe1bd0be6e;328d4e1100d6bd74ac6d258a23fdecbdc53b429e236e1a4454da71ea77cb67ec;01d8f17b2a51b9e8149c4569c49c9c1043a37be1a6ab9c1855f5d0fe1bd0be6e;eeffedc824c0f817a378c95fa81fc66204aaaaff6784b822db3b9fe0a57313df;b74ed76e54491fe1515172404b915cf994859850821b955d8dc6d0da2fda9bfb;427d1afe29cf63f0a4d5dcdba551d81bf6e492a4374d319b8032588abb5688f7;01d8f17b2a51b9e8149c4569c49c9c1043a37be1a6ab9c1855f5d0fe1bd0be6e;acf7afc3c247d0604e6d234424ae43aee7bafb1806169688ddccb1c50f53c874,8;5;8;5;8;5;8;5;8;5;8;5,"[""I'm sorry, but I don't"", ""A wave 0"", ""I'm sorry, but I can't"", ""B wave 0"", ""I'm sorry, but I don't"", ""C wave 0"", ""I'm sorry, but I don't"", ""A wave 1"", ""I'm sorry, but I can't"", ""B wave 1"", ""I'm sorry, but I don't"", ""C wave 1""]",0;1;2;3;4;5,0;1;2;3;4;5|0;1;2;3;4;5,10,0.6666666666666666,0.0,27.0,0.0,0.0,0.0,0.0,0.0,27.0,2.0,9.2,"{""+Inf"":27.0,""1"":26.0,""10"":27.0,""100"":27.0,""2"":27.0,""20"":27.0,""250"":27.0,""5"":27.0,""50"":27.0}",,,,cpu/learned;cuda/upstream;cpu/rule;cuda/always;cpu/always;cuda/rule;cpu/upstream;cuda/learned,4,cuda/always,1000
cuda,rule,4,243.94269999902463,110.85349999939353,220.06376499975883,532.3567999985244,01d8f17b2a51b9e8149c4569c49c9c1043a37be1a6ab9c1855f5d0fe1bd0be6e;919cadbbbfc921cef1c7530228b78d679f0173d18c1b76ae3fdc5cd7489bbe21;b74ed76e54491fe1515172404b915cf994859850821b955d8dc6d0da2fda9bfb;9e143aab4a8501513a1b536176c207d7492cc26e6185b87d4b6c30969b68f243;01d8f17b2a51b9e8149c4569c49c9c1043a37be1a6ab9c1855f5d0fe1bd0be6e;328d4e1100d6bd74ac6d258a23fdecbdc53b429e236e1a4454da71ea77cb67ec;01d8f17b2a51b9e8149c4569c49c9c1043a37be1a6ab9c1855f5d0fe1bd0be6e;eeffedc824c0f817a378c95fa81fc66204aaaaff6784b822db3b9fe0a57313df;b74ed76e54491fe1515172404b915cf994859850821b955d8dc6d0da2fda9bfb;427d1afe29cf63f0a4d5dcdba551d81bf6e492a4374d319b8032588abb5688f7;b74ed76e54491fe1515172404b915cf994859850821b955d8dc6d0da2fda9bfb;acf7afc3c247d0604e6d234424ae43aee7bafb1806169688ddccb1c50f53c874,8;5;8;5;8;5;8;5;8;5;8;5,"[""I'm sorry, but I don't"", ""A wave 0"", ""I'm sorry, but I can't"", ""B wave 0"", ""I'm sorry, but I don't"", ""C wave 0"", ""I'm sorry, but I don't"", ""A wave 1"", ""I'm sorry, but I can't"", ""B wave 1"", ""I'm sorry, but I can't"", ""C wave 1""]",0;1;2;3;4;5,0;1;2;3;4;5|0;1;2;3;4;5,10,0.75,8.0,1.0,0.0,0.0,0.0,0.0,0.0,9.0,1.0,2.3,"{""+Inf"":9.0,""1"":9.0,""10"":9.0,""100"":9.0,""2"":9.0,""20"":9.0,""250"":9.0,""5"":9.0,""50"":9.0}",,,,cpu/learned;cuda/upstream;cpu/rule;cuda/always;cpu/always;cuda/rule;cpu/upstream;cuda/learned,5,cpu/always,1000
cpu,upstream,4,5746.572225001728,3709.2300750018694,5638.686549999875,8149.368599999434,b74ed76e54491fe1515172404b915cf994859850821b955d8dc6d0da2fda9bfb;919cadbbbfc921cef1c7530228b78d679f0173d18c1b76ae3fdc5cd7489bbe21;b74ed76e54491fe1515172404b915cf994859850821b955d8dc6d0da2fda9bfb;9e143aab4a8501513a1b536176c207d7492cc26e6185b87d4b6c30969b68f243;b74ed76e54491fe1515172404b915cf994859850821b955d8dc6d0da2fda9bfb;328d4e1100d6bd74ac6d258a23fdecbdc53b429e236e1a4454da71ea77cb67ec;01d8f17b2a51b9e8149c4569c49c9c1043a37be1a6ab9c1855f5d0fe1bd0be6e;eeffedc824c0f817a378c95fa81fc66204aaaaff6784b822db3b9fe0a57313df;b74ed76e54491fe1515172404b915cf994859850821b955d8dc6d0da2fda9bfb;427d1afe29cf63f0a4d5dcdba551d81bf6e492a4374d319b8032588abb5688f7;01d8f17b2a51b9e8149c4569c49c9c1043a37be1a6ab9c1855f5d0fe1bd0be6e;acf7afc3c247d0604e6d234424ae43aee7bafb1806169688ddccb1c50f53c874,8;5;8;5;8;5;8;5;8;5;8;5,"[""I'm sorry, but I can't"", ""A wave 0"", ""I'm sorry, but I can't"", ""B wave 0"", ""I'm sorry, but I can't"", ""C wave 0"", ""I'm sorry, but I don't"", ""A wave 1"", ""I'm sorry, but I can't"", ""B wave 1"", ""I'm sorry, but I don't"", ""C wave 1""]",0;1;2;3;4;5,0;1;2;3;4;5|0;1;2;3;4;5,10,0.6666666666666666,0.0,0.0,0.0,0.0,0.0,0.0,0.0,0.0,0.0,0.0,"{""+Inf"":0.0,""1"":0.0,""10"":0.0,""100"":0.0,""2"":0.0,""20"":0.0,""250"":0.0,""5"":0.0,""50"":0.0}",,,,cpu/learned;cuda/upstream;cpu/rule;cuda/always;cpu/always;cuda/rule;cpu/upstream;cuda/learned,6,cuda/rule,1000
cuda,learned,4,301.68342500292056,126.83570000262989,269.5422300004793,699.3909000011627,01d8f17b2a51b9e8149c4569c49c9c1043a37be1a6ab9c1855f5d0fe1bd0be6e;919cadbbbfc921cef1c7530228b78d679f0173d18c1b76ae3fdc5cd7489bbe21;b74ed76e54491fe1515172404b915cf994859850821b955d8dc6d0da2fda9bfb;9e143aab4a8501513a1b536176c207d7492cc26e6185b87d4b6c30969b68f243;b74ed76e54491fe1515172404b915cf994859850821b955d8dc6d0da2fda9bfb;328d4e1100d6bd74ac6d258a23fdecbdc53b429e236e1a4454da71ea77cb67ec;01d8f17b2a51b9e8149c4569c49c9c1043a37be1a6ab9c1855f5d0fe1bd0be6e;eeffedc824c0f817a378c95fa81fc66204aaaaff6784b822db3b9fe0a57313df;b74ed76e54491fe1515172404b915cf994859850821b955d8dc6d0da2fda9bfb;427d1afe29cf63f0a4d5dcdba551d81bf6e492a4374d319b8032588abb5688f7;b74ed76e54491fe1515172404b915cf994859850821b955d8dc6d0da2fda9bfb;7e2e34e5f349d9a4f49c54d81854add089e439b9a9fd7d8def4d711103cbe53f,8;5;8;5;8;5;8;5;8;5;8;29,"[""I'm sorry, but I don't"", ""A wave 0"", ""I'm sorry, but I can't"", ""B wave 0"", ""I'm sorry, but I can't"", ""C wave 0"", ""I'm sorry, but I don't"", ""A wave 1"", ""I'm sorry, but I can't"", ""B wave 1"", ""I'm sorry, but I can't"", ""C wave 1 is a deterministic algorithm used in shared production serving contexts to ensure that resources are allocated efficiently and that the system remains stable.""]",0;1;2;3;4;5,0;1;2;3;4;5|0;1;2;3;4;5,10,0.75,10.0,0.0,0.0,6.0,0.0,0.0,0.0,10.0,1.0,3.6,"{""+Inf"":10.0,""1"":10.0,""10"":10.0,""100"":10.0,""2"":10.0,""20"":10.0,""250"":10.0,""5"":10.0,""50"":10.0}",243.94269999902463,0.23669790079443576,0.15775054785785295,cpu/learned;cuda/upstream;cpu/rule;cuda/always;cpu/always;cuda/rule;cpu/upstream;cuda/learned,7,cpu/upstream,1000
cuda,upstream,5,283.49577500102896,116.70930000127555,234.63788999961253,667.1458999990136,01d8f17b2a51b9e8149c4569c49c9c1043a37be1a6ab9c1855f5d0fe1bd0be6e;919cadbbbfc921cef1c7530228b78d679f0173d18c1b76ae3fdc5cd7489bbe21;01d8f17b2a51b9e8149c4569c49c9c1043a37be1a6ab9c1855f5d0fe1bd0be6e;9e143aab4a8501513a1b536176c207d7492cc26e6185b87d4b6c30969b68f243;01d8f17b2a51b9e8149c4569c49c9c1043a37be1a6ab9c1855f5d0fe1bd0be6e;328d4e1100d6bd74ac6d258a23fdecbdc53b429e236e1a4454da71ea77cb67ec;01d8f17b2a51b9e8149c4569c49c9c1043a37be1a6ab9c1855f5d0fe1bd0be6e;eeffedc824c0f817a378c95fa81fc66204aaaaff6784b822db3b9fe0a57313df;b74ed76e54491fe1515172404b915cf994859850821b955d8dc6d0da2fda9bfb;427d1afe29cf63f0a4d5dcdba551d81bf6e492a4374d319b8032588abb5688f7;01d8f17b2a51b9e8149c4569c49c9c1043a37be1a6ab9c1855f5d0fe1bd0be6e;db799ba0f780cdbb46015db711696eb82b39d3ccdffd193851fdd4fddbab8aef,8;5;8;5;8;5;8;5;8;5;8;33,"[""I'm sorry, but I don't"", ""A wave 0"", ""I'm sorry, but I don't"", ""B wave 0"", ""I'm sorry, but I don't"", ""C wave 0"", ""I'm sorry, but I don't"", ""A wave 1"", ""I'm sorry, but I can't"", ""B wave 1"", ""I'm sorry, but I don't"", ""C wave 1 is a deterministic algorithm used in shared production serving contexts to ensure that resources are allocated in a way that maximizes throughput and minimizes latency.""]",0;1;2;3;4;5,0;1;2;3;4;5|0;1;2;3;4;5,10,0.75,9.0,0.0,0.0,0.0,0.0,0.0,0.0,9.0,1.0,1.6,"{""+Inf"":9.0,""1"":9.0,""10"":9.0,""100"":9.0,""2"":9.0,""20"":9.0,""250"":9.0,""5"":9.0,""50"":9.0}",,,,cuda/upstream;cuda/always;cpu/learned;cuda/rule;cpu/rule;cuda/learned;cpu/always;cpu/upstream,0,trial_washout,1000
cuda,always,5,270.22235000004,102.721725000265,309.4873250014643,670.0024999991001,01d8f17b2a51b9e8149c4569c49c9c1043a37be1a6ab9c1855f5d0fe1bd0be6e;919cadbbbfc921cef1c7530228b78d679f0173d18c1b76ae3fdc5cd7489bbe21;b74ed76e54491fe1515172404b915cf994859850821b955d8dc6d0da2fda9bfb;9e143aab4a8501513a1b536176c207d7492cc26e6185b87d4b6c30969b68f243;b74ed76e54491fe1515172404b915cf994859850821b955d8dc6d0da2fda9bfb;328d4e1100d6bd74ac6d258a23fdecbdc53b429e236e1a4454da71ea77cb67ec;01d8f17b2a51b9e8149c4569c49c9c1043a37be1a6ab9c1855f5d0fe1bd0be6e;eeffedc824c0f817a378c95fa81fc66204aaaaff6784b822db3b9fe0a57313df;b74ed76e54491fe1515172404b915cf994859850821b955d8dc6d0da2fda9bfb;427d1afe29cf63f0a4d5dcdba551d81bf6e492a4374d319b8032588abb5688f7;01d8f17b2a51b9e8149c4569c49c9c1043a37be1a6ab9c1855f5d0fe1bd0be6e;acf7afc3c247d0604e6d234424ae43aee7bafb1806169688ddccb1c50f53c874,8;5;8;5;8;5;8;5;8;5;8;5,"[""I'm sorry, but I don't"", ""A wave 0"", ""I'm sorry, but I can't"", ""B wave 0"", ""I'm sorry, but I can't"", ""C wave 0"", ""I'm sorry, but I don't"", ""A wave 1"", ""I'm sorry, but I can't"", ""B wave 1"", ""I'm sorry, but I don't"", ""C wave 1""]",0;1;2;3;4;5,0;1;2;3;4;5|0;1;2;3;4;5,10,0.75,0.0,22.0,0.0,0.0,0.0,0.0,0.0,22.0,1.0,3.7,"{""+Inf"":22.0,""1"":22.0,""10"":22.0,""100"":22.0,""2"":22.0,""20"":22.0,""250"":22.0,""5"":22.0,""50"":22.0}",,,,cuda/upstream;cuda/always;cpu/learned;cuda/rule;cpu/rule;cuda/learned;cpu/always;cpu/upstream,1,cuda/upstream,1000
cpu,learned,5,4202.223874999618,2217.4955749997025,4791.359919998829,7938.913199999661,b74ed76e54491fe1515172404b915cf994859850821b955d8dc6d0da2fda9bfb;919cadbbbfc921cef1c7530228b78d679f0173d18c1b76ae3fdc5cd7489bbe21;01d8f17b2a51b9e8149c4569c49c9c1043a37be1a6ab9c1855f5d0fe1bd0be6e;9e143aab4a8501513a1b536176c207d7492cc26e6185b87d4b6c30969b68f243;01d8f17b2a51b9e8149c4569c49c9c1043a37be1a6ab9c1855f5d0fe1bd0be6e;328d4e1100d6bd74ac6d258a23fdecbdc53b429e236e1a4454da71ea77cb67ec;01d8f17b2a51b9e8149c4569c49c9c1043a37be1a6ab9c1855f5d0fe1bd0be6e;eeffedc824c0f817a378c95fa81fc66204aaaaff6784b822db3b9fe0a57313df;b74ed76e54491fe1515172404b915cf994859850821b955d8dc6d0da2fda9bfb;427d1afe29cf63f0a4d5dcdba551d81bf6e492a4374d319b8032588abb5688f7;b74ed76e54491fe1515172404b915cf994859850821b955d8dc6d0da2fda9bfb;acf7afc3c247d0604e6d234424ae43aee7bafb1806169688ddccb1c50f53c874,8;5;8;5;8;5;8;5;8;5;8;5,"[""I'm sorry, but I can't"", ""A wave 0"", ""I'm sorry, but I don't"", ""B wave 0"", ""I'm sorry, but I don't"", ""C wave 0"", ""I'm sorry, but I don't"", ""A wave 1"", ""I'm sorry, but I can't"", ""B wave 1"", ""I'm sorry, but I can't"", ""C wave 1""]",0;1;2;3;4;5,0;1;2;3;4;5|0;1;2;3;4;5,10,0.6666666666666666,6.0,3.0,3.0,6.0,0.0,0.0,0.0,9.0,2.0,4.8,"{""+Inf"":9.0,""1"":8.0,""10"":9.0,""100"":9.0,""2"":9.0,""20"":9.0,""250"":9.0,""5"":9.0,""50"":9.0}",4135.239125000226,0.016198519112093288,-0.2365643216995324,cuda/upstream;cuda/always;cpu/learned;cuda/rule;cpu/rule;cuda/learned;cpu/always;cpu/upstream,2,cuda/always,1000
cuda,rule,5,264.02924999638344,90.61877499698312,245.53809999870282,693.6418999976013,01d8f17b2a51b9e8149c4569c49c9c1043a37be1a6ab9c1855f5d0fe1bd0be6e;919cadbbbfc921cef1c7530228b78d679f0173d18c1b76ae3fdc5cd7489bbe21;01d8f17b2a51b9e8149c4569c49c9c1043a37be1a6ab9c1855f5d0fe1bd0be6e;9e143aab4a8501513a1b536176c207d7492cc26e6185b87d4b6c30969b68f243;b74ed76e54491fe1515172404b915cf994859850821b955d8dc6d0da2fda9bfb;328d4e1100d6bd74ac6d258a23fdecbdc53b429e236e1a4454da71ea77cb67ec;01d8f17b2a51b9e8149c4569c49c9c1043a37be1a6ab9c1855f5d0fe1bd0be6e;eeffedc824c0f817a378c95fa81fc66204aaaaff6784b822db3b9fe0a57313df;b74ed76e54491fe1515172404b915cf994859850821b955d8dc6d0da2fda9bfb;427d1afe29cf63f0a4d5dcdba551d81bf6e492a4374d319b8032588abb5688f7;01d8f17b2a51b9e8149c4569c49c9c1043a37be1a6ab9c1855f5d0fe1bd0be6e;db799ba0f780cdbb46015db711696eb82b39d3ccdffd193851fdd4fddbab8aef,8;5;8;5;8;5;8;5;8;5;8;33,"[""I'm sorry, but I don't"", ""A wave 0"", ""I'm sorry, but I don't"", ""B wave 0"", ""I'm sorry, but I can't"", ""C wave 0"", ""I'm sorry, but I don't"", ""A wave 1"", ""I'm sorry, but I can't"", ""B wave 1"", ""I'm sorry, but I don't"", ""C wave 1 is a deterministic algorithm used in shared production serving contexts to ensure that resources are allocated in a way that maximizes throughput and minimizes latency.""]",0;1;2;3;4;5,0;1;2;3;4;5|0;1;2;3;4;5,10,0.75,8.0,4.0,0.0,0.0,0.0,0.0,0.0,12.0,1.0,2.4,"{""+Inf"":12.0,""1"":12.0,""10"":12.0,""100"":12.0,""2"":12.0,""20"":12.0,""250"":12.0,""5"":12.0,""50"":12.0}",,,,cuda/upstream;cuda/always;cpu/learned;cuda/rule;cpu/rule;cuda/learned;cpu/always;cpu/upstream,3,cpu/learned,1000
cpu,rule,5,4217.095250000966,2226.7172750007376,4809.846839999408,7961.5119000009145,b74ed76e54491fe1515172404b915cf994859850821b955d8dc6d0da2fda9bfb;919cadbbbfc921cef1c7530228b78d679f0173d18c1b76ae3fdc5cd7489bbe21;01d8f17b2a51b9e8149c4569c49c9c1043a37be1a6ab9c1855f5d0fe1bd0be6e;9e143aab4a8501513a1b536176c207d7492cc26e6185b87d4b6c30969b68f243;01d8f17b2a51b9e8149c4569c49c9c1043a37be1a6ab9c1855f5d0fe1bd0be6e;328d4e1100d6bd74ac6d258a23fdecbdc53b429e236e1a4454da71ea77cb67ec;01d8f17b2a51b9e8149c4569c49c9c1043a37be1a6ab9c1855f5d0fe1bd0be6e;eeffedc824c0f817a378c95fa81fc66204aaaaff6784b822db3b9fe0a57313df;b74ed76e54491fe1515172404b915cf994859850821b955d8dc6d0da2fda9bfb;427d1afe29cf63f0a4d5dcdba551d81bf6e492a4374d319b8032588abb5688f7;b74ed76e54491fe1515172404b915cf994859850821b955d8dc6d0da2fda9bfb;acf7afc3c247d0604e6d234424ae43aee7bafb1806169688ddccb1c50f53c874,8;5;8;5;8;5;8;5;8;5;8;5,"[""I'm sorry, but I can't"", ""A wave 0"", ""I'm sorry, but I don't"", ""B wave 0"", ""I'm sorry, but I don't"", ""C wave 0"", ""I'm sorry, but I don't"", ""A wave 1"", ""I'm sorry, but I can't"", ""B wave 1"", ""I'm sorry, but I can't"", ""C wave 1""]",0;1;2;3;4;5,0;1;2;3;4;5|0;1;2;3;4;5,10,0.6666666666666666,6.0,2.0,0.0,0.0,0.0,0.0,0.0,8.0,1.0,2.9,"{""+Inf"":8.0,""1"":8.0,""10"":8.0,""100"":8.0,""2"":8.0,""20"":8.0,""250"":8.0,""5"":8.0,""50"":8.0}",,,,cuda/upstream;cuda/always;cpu/learned;cuda/rule;cpu/rule;cuda/learned;cpu/always;cpu/upstream,4,cuda/rule,1000
cuda,learned,5,290.9445500008587,144.1071750004994,256.961675002276,587.3495000014373,01d8f17b2a51b9e8149c4569c49c9c1043a37be1a6ab9c1855f5d0fe1bd0be6e;919cadbbbfc921cef1c7530228b78d679f0173d18c1b76ae3fdc5cd7489bbe21;b74ed76e54491fe1515172404b915cf994859850821b955d8dc6d0da2fda9bfb;9e143aab4a8501513a1b536176c207d7492cc26e6185b87d4b6c30969b68f243;b74ed76e54491fe1515172404b915cf994859850821b955d8dc6d0da2fda9bfb;328d4e1100d6bd74ac6d258a23fdecbdc53b429e236e1a4454da71ea77cb67ec;01d8f17b2a51b9e8149c4569c49c9c1043a37be1a6ab9c1855f5d0fe1bd0be6e;eeffedc824c0f817a378c95fa81fc66204aaaaff6784b822db3b9fe0a57313df;b74ed76e54491fe1515172404b915cf994859850821b955d8dc6d0da2fda9bfb;427d1afe29cf63f0a4d5dcdba551d81bf6e492a4374d319b8032588abb5688f7;01d8f17b2a51b9e8149c4569c49c9c1043a37be1a6ab9c1855f5d0fe1bd0be6e;acf7afc3c247d0604e6d234424ae43aee7bafb1806169688ddccb1c50f53c874,8;5;8;5;8;5;8;5;8;5;8;5,"[""I'm sorry, but I don't"", ""A wave 0"", ""I'm sorry, but I can't"", ""B wave 0"", ""I'm sorry, but I can't"", ""C wave 0"", ""I'm sorry, but I don't"", ""A wave 1"", ""I'm sorry, but I can't"", ""B wave 1"", ""I'm sorry, but I don't"", ""C wave 1""]",0;1;2;3;4;5,0;1;2;3;4;5|0;1;2;3;4;5,10,0.75,9.0,0.0,0.0,4.0,0.0,0.0,0.0,9.0,1.0,2.6,"{""+Inf"":9.0,""1"":9.0,""10"":9.0,""100"":9.0,""2"":9.0,""20"":9.0,""250"":9.0,""5"":9.0,""50"":9.0}",264.02924999638344,0.10194059940269481,0.026274730195900556,cuda/upstream;cuda/always;cpu/learned;cuda/rule;cpu/rule;cuda/learned;cpu/always;cpu/upstream,5,cpu/rule,1000
cpu,always,5,4135.239125000226,1953.2522000008612,4869.567804998951,8727.947699997458,01d8f17b2a51b9e8149c4569c49c9c1043a37be1a6ab9c1855f5d0fe1bd0be6e;919cadbbbfc921cef1c7530228b78d679f0173d18c1b76ae3fdc5cd7489bbe21;b74ed76e54491fe1515172404b915cf994859850821b955d8dc6d0da2fda9bfb;9e143aab4a8501513a1b536176c207d7492cc26e6185b87d4b6c30969b68f243;01d8f17b2a51b9e8149c4569c49c9c1043a37be1a6ab9c1855f5d0fe1bd0be6e;328d4e1100d6bd74ac6d258a23fdecbdc53b429e236e1a4454da71ea77cb67ec;01d8f17b2a51b9e8149c4569c49c9c1043a37be1a6ab9c1855f5d0fe1bd0be6e;eeffedc824c0f817a378c95fa81fc66204aaaaff6784b822db3b9fe0a57313df;b74ed76e54491fe1515172404b915cf994859850821b955d8dc6d0da2fda9bfb;427d1afe29cf63f0a4d5dcdba551d81bf6e492a4374d319b8032588abb5688f7;01d8f17b2a51b9e8149c4569c49c9c1043a37be1a6ab9c1855f5d0fe1bd0be6e;acf7afc3c247d0604e6d234424ae43aee7bafb1806169688ddccb1c50f53c874,8;5;8;5;8;5;8;5;8;5;8;5,"[""I'm sorry, but I don't"", ""A wave 0"", ""I'm sorry, but I can't"", ""B wave 0"", ""I'm sorry, but I don't"", ""C wave 0"", ""I'm sorry, but I don't"", ""A wave 1"", ""I'm sorry, but I can't"", ""B wave 1"", ""I'm sorry, but I don't"", ""C wave 1""]",0;1;2;3;4;5,0;1;2;3;4;5|0;1;2;3;4;5,10,0.6666666666666666,0.0,27.0,0.0,0.0,0.0,0.0,0.0,27.0,1.0,4.9,"{""+Inf"":27.0,""1"":27.0,""10"":27.0,""100"":27.0,""2"":27.0,""20"":27.0,""250"":27.0,""5"":27.0,""50"":27.0}",,,,cuda/upstream;cuda/always;cpu/learned;cuda/rule;cpu/rule;cuda/learned;cpu/always;cpu/upstream,6,cuda/learned,1000
cpu,upstream,5,5504.358774997854,3565.015674997994,5360.568370000874,7757.37239999944,b74ed76e54491fe1515172404b915cf994859850821b955d8dc6d0da2fda9bfb;919cadbbbfc921cef1c7530228b78d679f0173d18c1b76ae3fdc5cd7489bbe21;b74ed76e54491fe1515172404b915cf994859850821b955d8dc6d0da2fda9bfb;9e143aab4a8501513a1b536176c207d7492cc26e6185b87d4b6c30969b68f243;b74ed76e54491fe1515172404b915cf994859850821b955d8dc6d0da2fda9bfb;328d4e1100d6bd74ac6d258a23fdecbdc53b429e236e1a4454da71ea77cb67ec;01d8f17b2a51b9e8149c4569c49c9c1043a37be1a6ab9c1855f5d0fe1bd0be6e;eeffedc824c0f817a378c95fa81fc66204aaaaff6784b822db3b9fe0a57313df;b74ed76e54491fe1515172404b915cf994859850821b955d8dc6d0da2fda9bfb;427d1afe29cf63f0a4d5dcdba551d81bf6e492a4374d319b8032588abb5688f7;01d8f17b2a51b9e8149c4569c49c9c1043a37be1a6ab9c1855f5d0fe1bd0be6e;acf7afc3c247d0604e6d234424ae43aee7bafb1806169688ddccb1c50f53c874,8;5;8;5;8;5;8;5;8;5;8;5,"[""I'm sorry, but I can't"", ""A wave 0"", ""I'm sorry, but I can't"", ""B wave 0"", ""I'm sorry, but I can't"", ""C wave 0"", ""I'm sorry, but I don't"", ""A wave 1"", ""I'm sorry, but I can't"", ""B wave 1"", ""I'm sorry, but I don't"", ""C wave 1""]",0;1;2;3;4;5,0;1;2;3;4;5|0;1;2;3;4;5,10,0.6666666666666666,0.0,0.0,0.0,0.0,0.0,0.0,0.0,0.0,0.0,0.0,"{""+Inf"":0.0,""1"":0.0,""10"":0.0,""100"":0.0,""2"":0.0,""20"":0.0,""250"":0.0,""5"":0.0,""50"":0.0}",,,,cuda/upstream;cuda/always;cpu/learned;cuda/rule;cpu/rule;cuda/learned;cpu/always;cpu/upstream,7,cpu/always,1000
cuda,always,6,282.55579999949987,111.6143999988708,318.20331500039174,683.7656000025163,01d8f17b2a51b9e8149c4569c49c9c1043a37be1a6ab9c1855f5d0fe1bd0be6e;919cadbbbfc921cef1c7530228b78d679f0173d18c1b76ae3fdc5cd7489bbe21;b74ed76e54491fe1515172404b915cf994859850821b955d8dc6d0da2fda9bfb;9e143aab4a8501513a1b536176c207d7492cc26e6185b87d4b6c30969b68f243;01d8f17b2a51b9e8149c4569c49c9c1043a37be1a6ab9c1855f5d0fe1bd0be6e;328d4e1100d6bd74ac6d258a23fdecbdc53b429e236e1a4454da71ea77cb67ec;01d8f17b2a51b9e8149c4569c49c9c1043a37be1a6ab9c1855f5d0fe1bd0be6e;eeffedc824c0f817a378c95fa81fc66204aaaaff6784b822db3b9fe0a57313df;b74ed76e54491fe1515172404b915cf994859850821b955d8dc6d0da2fda9bfb;427d1afe29cf63f0a4d5dcdba551d81bf6e492a4374d319b8032588abb5688f7;b74ed76e54491fe1515172404b915cf994859850821b955d8dc6d0da2fda9bfb;acf7afc3c247d0604e6d234424ae43aee7bafb1806169688ddccb1c50f53c874,8;5;8;5;8;5;8;5;8;5;8;5,"[""I'm sorry, but I don't"", ""A wave 0"", ""I'm sorry, but I can't"", ""B wave 0"", ""I'm sorry, but I don't"", ""C wave 0"", ""I'm sorry, but I don't"", ""A wave 1"", ""I'm sorry, but I can't"", ""B wave 1"", ""I'm sorry, but I can't"", ""C wave 1""]",0;1;2;3;4;5,0;1;2;3;4;5|0;1;2;3;4;5,10,0.75,0.0,22.0,0.0,0.0,0.0,0.0,0.0,22.0,1.0,3.7,"{""+Inf"":22.0,""1"":22.0,""10"":22.0,""100"":22.0,""2"":22.0,""20"":22.0,""250"":22.0,""5"":22.0,""50"":22.0}",,,,cuda/always;cuda/rule;cuda/upstream;cuda/learned;cpu/learned;cpu/upstream;cpu/rule;cpu/always,0,trial_washout,1000
cuda,rule,6,285.79857499880745,109.75372499888181,279.8622099988279,704.1793999997026,01d8f17b2a51b9e8149c4569c49c9c1043a37be1a6ab9c1855f5d0fe1bd0be6e;919cadbbbfc921cef1c7530228b78d679f0173d18c1b76ae3fdc5cd7489bbe21;b74ed76e54491fe1515172404b915cf994859850821b955d8dc6d0da2fda9bfb;9e143aab4a8501513a1b536176c207d7492cc26e6185b87d4b6c30969b68f243;01d8f17b2a51b9e8149c4569c49c9c1043a37be1a6ab9c1855f5d0fe1bd0be6e;328d4e1100d6bd74ac6d258a23fdecbdc53b429e236e1a4454da71ea77cb67ec;01d8f17b2a51b9e8149c4569c49c9c1043a37be1a6ab9c1855f5d0fe1bd0be6e;eeffedc824c0f817a378c95fa81fc66204aaaaff6784b822db3b9fe0a57313df;b74ed76e54491fe1515172404b915cf994859850821b955d8dc6d0da2fda9bfb;427d1afe29cf63f0a4d5dcdba551d81bf6e492a4374d319b8032588abb5688f7;b74ed76e54491fe1515172404b915cf994859850821b955d8dc6d0da2fda9bfb;7e2e34e5f349d9a4f49c54d81854add089e439b9a9fd7d8def4d711103cbe53f,8;5;8;5;8;5;8;5;8;5;8;29,"[""I'm sorry, but I don't"", ""A wave 0"", ""I'm sorry, but I can't"", ""B wave 0"", ""I'm sorry, but I don't"", ""C wave 0"", ""I'm sorry, but I don't"", ""A wave 1"", ""I'm sorry, but I can't"", ""B wave 1"", ""I'm sorry, but I can't"", ""C wave 1 is a deterministic algorithm used in shared production serving contexts to ensure that resources are allocated efficiently and that the system remains stable.""]",0;1;2;3;4;5,0;1;2;3;4;5|0;1;2;3;4;5,10,0.75,8.0,2.0,0.0,0.0,0.0,0.0,0.0,10.0,1.0,1.5,"{""+Inf"":10.0,""1"":10.0,""10"":10.0,""100"":10.0,""2"":10.0,""20"":10.0,""250"":10.0,""5"":10.0,""50"":10.0}",,,,cuda/always;cuda/rule;cuda/upstream;cuda/learned;cpu/learned;cpu/upstream;cpu/rule;cpu/always,1,cuda/always,1000
cuda,upstream,6,278.0346750005265,139.1531000008399,239.67135499970024,555.5262999987463,01d8f17b2a51b9e8149c4569c49c9c1043a37be1a6ab9c1855f5d0fe1bd0be6e;919cadbbbfc921cef1c7530228b78d679f0173d18c1b76ae3fdc5cd7489bbe21;b74ed76e54491fe1515172404b915cf994859850821b955d8dc6d0da2fda9bfb;9e143aab4a8501513a1b536176c207d7492cc26e6185b87d4b6c30969b68f243;01d8f17b2a51b9e8149c4569c49c9c1043a37be1a6ab9c1855f5d0fe1bd0be6e;328d4e1100d6bd74ac6d258a23fdecbdc53b429e236e1a4454da71ea77cb67ec;01d8f17b2a51b9e8149c4569c49c9c1043a37be1a6ab9c1855f5d0fe1bd0be6e;eeffedc824c0f817a378c95fa81fc66204aaaaff6784b822db3b9fe0a57313df;b74ed76e54491fe1515172404b915cf994859850821b955d8dc6d0da2fda9bfb;427d1afe29cf63f0a4d5dcdba551d81bf6e492a4374d319b8032588abb5688f7;01d8f17b2a51b9e8149c4569c49c9c1043a37be1a6ab9c1855f5d0fe1bd0be6e;acf7afc3c247d0604e6d234424ae43aee7bafb1806169688ddccb1c50f53c874,8;5;8;5;8;5;8;5;8;5;8;5,"[""I'm sorry, but I don't"", ""A wave 0"", ""I'm sorry, but I can't"", ""B wave 0"", ""I'm sorry, but I don't"", ""C wave 0"", ""I'm sorry, but I don't"", ""A wave 1"", ""I'm sorry, but I can't"", ""B wave 1"", ""I'm sorry, but I don't"", ""C wave 1""]",0;1;2;3;4;5,0;1;2;3;4;5|0;1;2;3;4;5,10,0.75,10.0,0.0,0.0,0.0,0.0,0.0,0.0,10.0,1.0,2.2,"{""+Inf"":10.0,""1"":10.0,""10"":10.0,""100"":10.0,""2"":10.0,""20"":10.0,""250"":10.0,""5"":10.0,""50"":10.0}",,,,cuda/always;cuda/rule;cuda/upstream;cuda/learned;cpu/learned;cpu/upstream;cpu/rule;cpu/always,2,cuda/rule,1000
cuda,learned,6,268.04242500111286,108.15972500131465,227.50905999855604,639.5307999991928,01d8f17b2a51b9e8149c4569c49c9c1043a37be1a6ab9c1855f5d0fe1bd0be6e;919cadbbbfc921cef1c7530228b78d679f0173d18c1b76ae3fdc5cd7489bbe21;b74ed76e54491fe1515172404b915cf994859850821b955d8dc6d0da2fda9bfb;9e143aab4a8501513a1b536176c207d7492cc26e6185b87d4b6c30969b68f243;b74ed76e54491fe1515172404b915cf994859850821b955d8dc6d0da2fda9bfb;328d4e1100d6bd74ac6d258a23fdecbdc53b429e236e1a4454da71ea77cb67ec;01d8f17b2a51b9e8149c4569c49c9c1043a37be1a6ab9c1855f5d0fe1bd0be6e;eeffedc824c0f817a378c95fa81fc66204aaaaff6784b822db3b9fe0a57313df;b74ed76e54491fe1515172404b915cf994859850821b955d8dc6d0da2fda9bfb;427d1afe29cf63f0a4d5dcdba551d81bf6e492a4374d319b8032588abb5688f7;b74ed76e54491fe1515172404b915cf994859850821b955d8dc6d0da2fda9bfb;db799ba0f780cdbb46015db711696eb82b39d3ccdffd193851fdd4fddbab8aef,8;5;8;5;8;5;8;5;8;5;8;33,"[""I'm sorry, but I don't"", ""A wave 0"", ""I'm sorry, but I can't"", ""B wave 0"", ""I'm sorry, but I can't"", ""C wave 0"", ""I'm sorry, but I don't"", ""A wave 1"", ""I'm sorry, but I can't"", ""B wave 1"", ""I'm sorry, but I can't"", ""C wave 1 is a deterministic algorithm used in shared production serving contexts to ensure that resources are allocated in a way that maximizes throughput and minimizes latency.""]",0;1;2;3;4;5,0;1;2;3;4;5|0;1;2;3;4;5,10,0.75,8.0,0.0,0.0,3.0,0.0,0.0,0.0,8.0,1.0,3.1,"{""+Inf"":8.0,""1"":8.0,""10"":8.0,""100"":8.0,""2"":8.0,""20"":8.0,""250"":8.0,""5"":8.0,""50"":8.0}",278.0346750005265,-0.035938862659467545,-0.035938862659467545,cuda/always;cuda/rule;cuda/upstream;cuda/learned;cpu/learned;cpu/upstream;cpu/rule;cpu/always,3,cuda/upstream,1000
cpu,learned,6,4443.457800000033,2386.1159750003935,5051.210959999661,8229.367299998557,b74ed76e54491fe1515172404b915cf994859850821b955d8dc6d0da2fda9bfb;919cadbbbfc921cef1c7530228b78d679f0173d18c1b76ae3fdc5cd7489bbe21;01d8f17b2a51b9e8149c4569c49c9c1043a37be1a6ab9c1855f5d0fe1bd0be6e;9e143aab4a8501513a1b536176c207d7492cc26e6185b87d4b6c30969b68f243;b74ed76e54491fe1515172404b915cf994859850821b955d8dc6d0da2fda9bfb;328d4e1100d6bd74ac6d258a23fdecbdc53b429e236e1a4454da71ea77cb67ec;01d8f17b2a51b9e8149c4569c49c9c1043a37be1a6ab9c1855f5d0fe1bd0be6e;eeffedc824c0f817a378c95fa81fc66204aaaaff6784b822db3b9fe0a57313df;b74ed76e54491fe1515172404b915cf994859850821b955d8dc6d0da2fda9bfb;427d1afe29cf63f0a4d5dcdba551d81bf6e492a4374d319b8032588abb5688f7;b74ed76e54491fe1515172404b915cf994859850821b955d8dc6d0da2fda9bfb;acf7afc3c247d0604e6d234424ae43aee7bafb1806169688ddccb1c50f53c874,8;5;8;5;8;5;8;5;8;5;8;5,"[""I'm sorry, but I can't"", ""A wave 0"", ""I'm sorry, but I don't"", ""B wave 0"", ""I'm sorry, but I can't"", ""C wave 0"", ""I'm sorry, but I don't"", ""A wave 1"", ""I'm sorry, but I can't"", ""B wave 1"", ""I'm sorry, but I can't"", ""C wave 1""]",0;1;2;3;4;5,0;1;2;3;4;5|0;1;2;3;4;5,10,0.6666666666666666,6.0,3.0,3.0,6.0,0.0,0.0,0.0,9.0,1.0,3.8,"{""+Inf"":9.0,""1"":9.0,""10"":9.0,""100"":9.0,""2"":9.0,""20"":9.0,""250"":9.0,""5"":9.0,""50"":9.0}",3990.067674999409,0.11362968298543732,-0.19259115993114864,cuda/always;cuda/rule;cuda/upstream;cuda/learned;cpu/learned;cpu/upstream;cpu/rule;cpu/always,4,cuda/learned,1000
cpu,upstream,6,5503.355399999236,3567.1758499993302,5375.096794999081,7744.718199999625,b74ed76e54491fe1515172404b915cf994859850821b955d8dc6d0da2fda9bfb;919cadbbbfc921cef1c7530228b78d679f0173d18c1b76ae3fdc5cd7489bbe21;b74ed76e54491fe1515172404b915cf994859850821b955d8dc6d0da2fda9bfb;9e143aab4a8501513a1b536176c207d7492cc26e6185b87d4b6c30969b68f243;01d8f17b2a51b9e8149c4569c49c9c1043a37be1a6ab9c1855f5d0fe1bd0be6e;328d4e1100d6bd74ac6d258a23fdecbdc53b429e236e1a4454da71ea77cb67ec;01d8f17b2a51b9e8149c4569c49c9c1043a37be1a6ab9c1855f5d0fe1bd0be6e;eeffedc824c0f817a378c95fa81fc66204aaaaff6784b822db3b9fe0a57313df;b74ed76e54491fe1515172404b915cf994859850821b955d8dc6d0da2fda9bfb;427d1afe29cf63f0a4d5dcdba551d81bf6e492a4374d319b8032588abb5688f7;01d8f17b2a51b9e8149c4569c49c9c1043a37be1a6ab9c1855f5d0fe1bd0be6e;acf7afc3c247d0604e6d234424ae43aee7bafb1806169688ddccb1c50f53c874,8;5;8;5;8;5;8;5;8;5;8;5,"[""I'm sorry, but I can't"", ""A wave 0"", ""I'm sorry, but I can't"", ""B wave 0"", ""I'm sorry, but I don't"", ""C wave 0"", ""I'm sorry, but I don't"", ""A wave 1"", ""I'm sorry, but I can't"", ""B wave 1"", ""I'm sorry, but I don't"", ""C wave 1""]",0;1;2;3;4;5,0;1;2;3;4;5|0;1;2;3;4;5,10,0.6666666666666666,0.0,0.0,0.0,0.0,0.0,0.0,0.0,0.0,0.0,0.0,"{""+Inf"":0.0,""1"":0.0,""10"":0.0,""100"":0.0,""2"":0.0,""20"":0.0,""250"":0.0,""5"":0.0,""50"":0.0}",,,,cuda/always;cuda/rule;cuda/upstream;cuda/learned;cpu/learned;cpu/upstream;cpu/rule;cpu/always,5,cpu/learned,1000
cpu,rule,6,4193.671500000164,2211.7997499999547,4779.942014997867,7927.487000000838,b74ed76e54491fe1515172404b915cf994859850821b955d8dc6d0da2fda9bfb;919cadbbbfc921cef1c7530228b78d679f0173d18c1b76ae3fdc5cd7489bbe21;01d8f17b2a51b9e8149c4569c49c9c1043a37be1a6ab9c1855f5d0fe1bd0be6e;9e143aab4a8501513a1b536176c207d7492cc26e6185b87d4b6c30969b68f243;b74ed76e54491fe1515172404b915cf994859850821b955d8dc6d0da2fda9bfb;328d4e1100d6bd74ac6d258a23fdecbdc53b429e236e1a4454da71ea77cb67ec;01d8f17b2a51b9e8149c4569c49c9c1043a37be1a6ab9c1855f5d0fe1bd0be6e;eeffedc824c0f817a378c95fa81fc66204aaaaff6784b822db3b9fe0a57313df;b74ed76e54491fe1515172404b915cf994859850821b955d8dc6d0da2fda9bfb;427d1afe29cf63f0a4d5dcdba551d81bf6e492a4374d319b8032588abb5688f7;01d8f17b2a51b9e8149c4569c49c9c1043a37be1a6ab9c1855f5d0fe1bd0be6e;acf7afc3c247d0604e6d234424ae43aee7bafb1806169688ddccb1c50f53c874,8;5;8;5;8;5;8;5;8;5;8;5,"[""I'm sorry, but I can't"", ""A wave 0"", ""I'm sorry, but I don't"", ""B wave 0"", ""I'm sorry, but I can't"", ""C wave 0"", ""I'm sorry, but I don't"", ""A wave 1"", ""I'm sorry, but I can't"", ""B wave 1"", ""I'm sorry, but I don't"", ""C wave 1""]",0;1;2;3;4;5,0;1;2;3;4;5|0;1;2;3;4;5,10,0.6666666666666666,6.0,2.0,0.0,0.0,0.0,0.0,0.0,8.0,1.0,2.3,"{""+Inf"":8.0,""1"":8.0,""10"":8.0,""100"":8.0,""2"":8.0,""20"":8.0,""250"":8.0,""5"":8.0,""50"":8.0}",,,,cuda/always;cuda/rule;cuda/upstream;cuda/learned;cpu/learned;cpu/upstream;cpu/rule;cpu/always,6,cpu/upstream,1000
cpu,always,6,3990.067674999409,1846.176199999718,4713.670685000943,8575.565899998765,01d8f17b2a51b9e8149c4569c49c9c1043a37be1a6ab9c1855f5d0fe1bd0be6e;919cadbbbfc921cef1c7530228b78d679f0173d18c1b76ae3fdc5cd7489bbe21;b74ed76e54491fe1515172404b915cf994859850821b955d8dc6d0da2fda9bfb;9e143aab4a8501513a1b536176c207d7492cc26e6185b87d4b6c30969b68f243;01d8f17b2a51b9e8149c4569c49c9c1043a37be1a6ab9c1855f5d0fe1bd0be6e;328d4e1100d6bd74ac6d258a23fdecbdc53b429e236e1a4454da71ea77cb67ec;01d8f17b2a51b9e8149c4569c49c9c1043a37be1a6ab9c1855f5d0fe1bd0be6e;eeffedc824c0f817a378c95fa81fc66204aaaaff6784b822db3b9fe0a57313df;b74ed76e54491fe1515172404b915cf994859850821b955d8dc6d0da2fda9bfb;427d1afe29cf63f0a4d5dcdba551d81bf6e492a4374d319b8032588abb5688f7;01d8f17b2a51b9e8149c4569c49c9c1043a37be1a6ab9c1855f5d0fe1bd0be6e;acf7afc3c247d0604e6d234424ae43aee7bafb1806169688ddccb1c50f53c874,8;5;8;5;8;5;8;5;8;5;8;5,"[""I'm sorry, but I don't"", ""A wave 0"", ""I'm sorry, but I can't"", ""B wave 0"", ""I'm sorry, but I don't"", ""C wave 0"", ""I'm sorry, but I don't"", ""A wave 1"", ""I'm sorry, but I can't"", ""B wave 1"", ""I'm sorry, but I don't"", ""C wave 1""]",0;1;2;3;4;5,0;1;2;3;4;5|0;1;2;3;4;5,10,0.6666666666666666,0.0,28.0,0.0,0.0,0.0,0.0,0.0,28.0,1.0,5.7,"{""+Inf"":28.0,""1"":28.0,""10"":28.0,""100"":28.0,""2"":28.0,""20"":28.0,""250"":28.0,""5"":28.0,""50"":28.0}",,,,cuda/always;cuda/rule;cuda/upstream;cuda/learned;cpu/learned;cpu/upstream;cpu/rule;cpu/always,7,cpu/rule,1000
cuda,rule,7,257.5585750018945,114.71112500203162,260.4631699989113,571.3897999994515,01d8f17b2a51b9e8149c4569c49c9c1043a37be1a6ab9c1855f5d0fe1bd0be6e;919cadbbbfc921cef1c7530228b78d679f0173d18c1b76ae3fdc5cd7489bbe21;b74ed76e54491fe1515172404b915cf994859850821b955d8dc6d0da2fda9bfb;9e143aab4a8501513a1b536176c207d7492cc26e6185b87d4b6c30969b68f243;01d8f17b2a51b9e8149c4569c49c9c1043a37be1a6ab9c1855f5d0fe1bd0be6e;328d4e1100d6bd74ac6d258a23fdecbdc53b429e236e1a4454da71ea77cb67ec;01d8f17b2a51b9e8149c4569c49c9c1043a37be1a6ab9c1855f5d0fe1bd0be6e;eeffedc824c0f817a378c95fa81fc66204aaaaff6784b822db3b9fe0a57313df;b74ed76e54491fe1515172404b915cf994859850821b955d8dc6d0da2fda9bfb;427d1afe29cf63f0a4d5dcdba551d81bf6e492a4374d319b8032588abb5688f7;01d8f17b2a51b9e8149c4569c49c9c1043a37be1a6ab9c1855f5d0fe1bd0be6e;acf7afc3c247d0604e6d234424ae43aee7bafb1806169688ddccb1c50f53c874,8;5;8;5;8;5;8;5;8;5;8;5,"[""I'm sorry, but I don't"", ""A wave 0"", ""I'm sorry, but I can't"", ""B wave 0"", ""I'm sorry, but I don't"", ""C wave 0"", ""I'm sorry, but I don't"", ""A wave 1"", ""I'm sorry, but I can't"", ""B wave 1"", ""I'm sorry, but I don't"", ""C wave 1""]",0;1;2;3;4;5,0;1;2;3;4;5|0;1;2;3;4;5,10,0.75,7.0,4.0,0.0,0.0,0.0,0.0,0.0,11.0,1.0,3.1,"{""+Inf"":11.0,""1"":11.0,""10"":11.0,""100"":11.0,""2"":11.0,""20"":11.0,""250"":11.0,""5"":11.0,""50"":11.0}",,,,cuda/rule;cuda/learned;cuda/always;cpu/upstream;cuda/upstream;cpu/always;cpu/learned;cpu/rule,0,trial_washout,1000
cuda,learned,7,233.93502500039176,110.66602500068257,184.15327999973664,493.0759999988368,01d8f17b2a51b9e8149c4569c49c9c1043a37be1a6ab9c1855f5d0fe1bd0be6e;919cadbbbfc921cef1c7530228b78d679f0173d18c1b76ae3fdc5cd7489bbe21;b74ed76e54491fe1515172404b915cf994859850821b955d8dc6d0da2fda9bfb;9e143aab4a8501513a1b536176c207d7492cc26e6185b87d4b6c30969b68f243;01d8f17b2a51b9e8149c4569c49c9c1043a37be1a6ab9c1855f5d0fe1bd0be6e;328d4e1100d6bd74ac6d258a23fdecbdc53b429e236e1a4454da71ea77cb67ec;01d8f17b2a51b9e8149c4569c49c9c1043a37be1a6ab9c1855f5d0fe1bd0be6e;eeffedc824c0f817a378c95fa81fc66204aaaaff6784b822db3b9fe0a57313df;01d8f17b2a51b9e8149c4569c49c9c1043a37be1a6ab9c1855f5d0fe1bd0be6e;427d1afe29cf63f0a4d5dcdba551d81bf6e492a4374d319b8032588abb5688f7;01d8f17b2a51b9e8149c4569c49c9c1043a37be1a6ab9c1855f5d0fe1bd0be6e;acf7afc3c247d0604e6d234424ae43aee7bafb1806169688ddccb1c50f53c874,8;5;8;5;8;5;8;5;8;5;8;5,"[""I'm sorry, but I don't"", ""A wave 0"", ""I'm sorry, but I can't"", ""B wave 0"", ""I'm sorry, but I don't"", ""C wave 0"", ""I'm sorry, but I don't"", ""A wave 1"", ""I'm sorry, but I don't"", ""B wave 1"", ""I'm sorry, but I don't"", ""C wave 1""]",0;1;2;3;4;5,0;1;2;3;4;5|0;1;2;3;4;5,10,0.75,8.0,0.0,0.0,4.0,0.0,0.0,0.0,8.0,1.0,2.3,"{""+Inf"":8.0,""1"":8.0,""10"":8.0,""100"":8.0,""2"":8.0,""20"":8.0,""250"":8.0,""5"":8.0,""50"":8.0}",257.5585750018945,-0.0917210774338574,-0.2505386647691178,cuda/rule;cuda/learned;cuda/always;cpu/upstream;cuda/upstream;cpu/always;cpu/learned;cpu/rule,1,cuda/rule,1000
cuda,always,7,298.39937499946245,117.72869999913382,332.65466500015464,722.6827000013145,01d8f17b2a51b9e8149c4569c49c9c1043a37be1a6ab9c1855f5d0fe1bd0be6e;919cadbbbfc921cef1c7530228b78d679f0173d18c1b76ae3fdc5cd7489bbe21;b74ed76e54491fe1515172404b915cf994859850821b955d8dc6d0da2fda9bfb;9e143aab4a8501513a1b536176c207d7492cc26e6185b87d4b6c30969b68f243;01d8f17b2a51b9e8149c4569c49c9c1043a37be1a6ab9c1855f5d0fe1bd0be6e;328d4e1100d6bd74ac6d258a23fdecbdc53b429e236e1a4454da71ea77cb67ec;01d8f17b2a51b9e8149c4569c49c9c1043a37be1a6ab9c1855f5d0fe1bd0be6e;eeffedc824c0f817a378c95fa81fc66204aaaaff6784b822db3b9fe0a57313df;b74ed76e54491fe1515172404b915cf994859850821b955d8dc6d0da2fda9bfb;427d1afe29cf63f0a4d5dcdba551d81bf6e492a4374d319b8032588abb5688f7;b74ed76e54491fe1515172404b915cf994859850821b955d8dc6d0da2fda9bfb;acf7afc3c247d0604e6d234424ae43aee7bafb1806169688ddccb1c50f53c874,8;5;8;5;8;5;8;5;8;5;8;5,"[""I'm sorry, but I don't"", ""A wave 0"", ""I'm sorry, but I can't"", ""B wave 0"", ""I'm sorry, but I don't"", ""C wave 0"", ""I'm sorry, but I don't"", ""A wave 1"", ""I'm sorry, but I can't"", ""B wave 1"", ""I'm sorry, but I can't"", ""C wave 1""]",0;1;2;3;4;5,0;1;2;3;4;5|0;1;2;3;4;5,10,0.75,0.0,20.0,0.0,0.0,0.0,0.0,0.0,20.0,1.0,4.0,"{""+Inf"":20.0,""1"":20.0,""10"":20.0,""100"":20.0,""2"":20.0,""20"":20.0,""250"":20.0,""5"":20.0,""50"":20.0}",,,,cuda/rule;cuda/learned;cuda/always;cpu/upstream;cuda/upstream;cpu/always;cpu/learned;cpu/rule,2,cuda/learned,1000
cpu,upstream,7,5764.849124998364,3707.4508499981675,5686.835164998229,8229.593100000784,b74ed76e54491fe1515172404b915cf994859850821b955d8dc6d0da2fda9bfb;919cadbbbfc921cef1c7530228b78d679f0173d18c1b76ae3fdc5cd7489bbe21;b74ed76e54491fe1515172404b915cf994859850821b955d8dc6d0da2fda9bfb;9e143aab4a8501513a1b536176c207d7492cc26e6185b87d4b6c30969b68f243;b74ed76e54491fe1515172404b915cf994859850821b955d8dc6d0da2fda9bfb;328d4e1100d6bd74ac6d258a23fdecbdc53b429e236e1a4454da71ea77cb67ec;01d8f17b2a51b9e8149c4569c49c9c1043a37be1a6ab9c1855f5d0fe1bd0be6e;eeffedc824c0f817a378c95fa81fc66204aaaaff6784b822db3b9fe0a57313df;b74ed76e54491fe1515172404b915cf994859850821b955d8dc6d0da2fda9bfb;427d1afe29cf63f0a4d5dcdba551d81bf6e492a4374d319b8032588abb5688f7;01d8f17b2a51b9e8149c4569c49c9c1043a37be1a6ab9c1855f5d0fe1bd0be6e;acf7afc3c247d0604e6d234424ae43aee7bafb1806169688ddccb1c50f53c874,8;5;8;5;8;5;8;5;8;5;8;5,"[""I'm sorry, but I can't"", ""A wave 0"", ""I'm sorry, but I can't"", ""B wave 0"", ""I'm sorry, but I can't"", ""C wave 0"", ""I'm sorry, but I don't"", ""A wave 1"", ""I'm sorry, but I can't"", ""B wave 1"", ""I'm sorry, but I don't"", ""C wave 1""]",0;1;2;3;4;5,0;1;2;3;4;5|0;1;2;3;4;5,10,0.6666666666666666,0.0,0.0,0.0,0.0,0.0,0.0,0.0,0.0,0.0,0.0,"{""+Inf"":0.0,""1"":0.0,""10"":0.0,""100"":0.0,""2"":0.0,""20"":0.0,""250"":0.0,""5"":0.0,""50"":0.0}",,,,cuda/rule;cuda/learned;cuda/always;cpu/upstream;cuda/upstream;cpu/always;cpu/learned;cpu/rule,3,cuda/always,1000
cuda,upstream,7,312.1375500022623,147.43047500178363,290.42344500030595,658.8283000019146,01d8f17b2a51b9e8149c4569c49c9c1043a37be1a6ab9c1855f5d0fe1bd0be6e;919cadbbbfc921cef1c7530228b78d679f0173d18c1b76ae3fdc5cd7489bbe21;b74ed76e54491fe1515172404b915cf994859850821b955d8dc6d0da2fda9bfb;9e143aab4a8501513a1b536176c207d7492cc26e6185b87d4b6c30969b68f243;b74ed76e54491fe1515172404b915cf994859850821b955d8dc6d0da2fda9bfb;328d4e1100d6bd74ac6d258a23fdecbdc53b429e236e1a4454da71ea77cb67ec;01d8f17b2a51b9e8149c4569c49c9c1043a37be1a6ab9c1855f5d0fe1bd0be6e;eeffedc824c0f817a378c95fa81fc66204aaaaff6784b822db3b9fe0a57313df;b74ed76e54491fe1515172404b915cf994859850821b955d8dc6d0da2fda9bfb;427d1afe29cf63f0a4d5dcdba551d81bf6e492a4374d319b8032588abb5688f7;01d8f17b2a51b9e8149c4569c49c9c1043a37be1a6ab9c1855f5d0fe1bd0be6e;acf7afc3c247d0604e6d234424ae43aee7bafb1806169688ddccb1c50f53c874,8;5;8;5;8;5;8;5;8;5;8;5,"[""I'm sorry, but I don't"", ""A wave 0"", ""I'm sorry, but I can't"", ""B wave 0"", ""I'm sorry, but I can't"", ""C wave 0"", ""I'm sorry, but I don't"", ""A wave 1"", ""I'm sorry, but I can't"", ""B wave 1"", ""I'm sorry, but I don't"", ""C wave 1""]",0;1;2;3;4;5,0;1;2;3;4;5|0;1;2;3;4;5,10,0.75,10.0,0.0,0.0,0.0,0.0,0.0,0.0,10.0,1.0,2.5,"{""+Inf"":10.0,""1"":10.0,""10"":10.0,""100"":10.0,""2"":10.0,""20"":10.0,""250"":10.0,""5"":10.0,""50"":10.0}",,,,cuda/rule;cuda/learned;cuda/always;cpu/upstream;cuda/upstream;cpu/always;cpu/learned;cpu/rule,4,cpu/upstream,1000
cpu,always,7,4461.1857500012775,1960.7496750013524,5152.379235001536,10001.7442999997,01d8f17b2a51b9e8149c4569c49c9c1043a37be1a6ab9c1855f5d0fe1bd0be6e;919cadbbbfc921cef1c7530228b78d679f0173d18c1b76ae3fdc5cd7489bbe21;b74ed76e54491fe1515172404b915cf994859850821b955d8dc6d0da2fda9bfb;9e143aab4a8501513a1b536176c207d7492cc26e6185b87d4b6c30969b68f243;01d8f17b2a51b9e8149c4569c49c9c1043a37be1a6ab9c1855f5d0fe1bd0be6e;328d4e1100d6bd74ac6d258a23fdecbdc53b429e236e1a4454da71ea77cb67ec;01d8f17b2a51b9e8149c4569c49c9c1043a37be1a6ab9c1855f5d0fe1bd0be6e;eeffedc824c0f817a378c95fa81fc66204aaaaff6784b822db3b9fe0a57313df;b74ed76e54491fe1515172404b915cf994859850821b955d8dc6d0da2fda9bfb;427d1afe29cf63f0a4d5dcdba551d81bf6e492a4374d319b8032588abb5688f7;01d8f17b2a51b9e8149c4569c49c9c1043a37be1a6ab9c1855f5d0fe1bd0be6e;acf7afc3c247d0604e6d234424ae43aee7bafb1806169688ddccb1c50f53c874,8;5;8;5;8;5;8;5;8;5;8;5,"[""I'm sorry, but I don't"", ""A wave 0"", ""I'm sorry, but I can't"", ""B wave 0"", ""I'm sorry, but I don't"", ""C wave 0"", ""I'm sorry, but I don't"", ""A wave 1"", ""I'm sorry, but I can't"", ""B wave 1"", ""I'm sorry, but I don't"", ""C wave 1""]",0;1;2;3;4;5,0;1;2;3;4;5|0;1;2;3;4;5,10,0.6666666666666666,0.0,27.0,0.0,0.0,0.0,0.0,0.0,27.0,1.0,5.9,"{""+Inf"":27.0,""1"":27.0,""10"":27.0,""100"":27.0,""2"":27.0,""20"":27.0,""250"":27.0,""5"":27.0,""50"":27.0}",,,,cuda/rule;cuda/learned;cuda/always;cpu/upstream;cuda/upstream;cpu/always;cpu/learned;cpu/rule,5,cuda/upstream,1000
cpu,learned,7,4874.802074999934,2595.1687750002748,5636.974280001595,9118.533199998637,b74ed76e54491fe1515172404b915cf994859850821b955d8dc6d0da2fda9bfb;919cadbbbfc921cef1c7530228b78d679f0173d18c1b76ae3fdc5cd7489bbe21;01d8f17b2a51b9e8149c4569c49c9c1043a37be1a6ab9c1855f5d0fe1bd0be6e;9e143aab4a8501513a1b536176c207d7492cc26e6185b87d4b6c30969b68f243;01d8f17b2a51b9e8149c4569c49c9c1043a37be1a6ab9c1855f5d0fe1bd0be6e;328d4e1100d6bd74ac6d258a23fdecbdc53b429e236e1a4454da71ea77cb67ec;01d8f17b2a51b9e8149c4569c49c9c1043a37be1a6ab9c1855f5d0fe1bd0be6e;eeffedc824c0f817a378c95fa81fc66204aaaaff6784b822db3b9fe0a57313df;b74ed76e54491fe1515172404b915cf994859850821b955d8dc6d0da2fda9bfb;427d1afe29cf63f0a4d5dcdba551d81bf6e492a4374d319b8032588abb5688f7;b74ed76e54491fe1515172404b915cf994859850821b955d8dc6d0da2fda9bfb;acf7afc3c247d0604e6d234424ae43aee7bafb1806169688ddccb1c50f53c874,8;5;8;5;8;5;8;5;8;5;8;5,"[""I'm sorry, but I can't"", ""A wave 0"", ""I'm sorry, but I don't"", ""B wave 0"", ""I'm sorry, but I don't"", ""C wave 0"", ""I'm sorry, but I don't"", ""A wave 1"", ""I'm sorry, but I can't"", ""B wave 1"", ""I'm sorry, but I can't"", ""C wave 1""]",0;1;2;3;4;5,0;1;2;3;4;5|0;1;2;3;4;5,10,0.6666666666666666,6.0,3.0,3.0,6.0,0.0,0.0,0.0,9.0,1.0,5.9,"{""+Inf"":9.0,""1"":9.0,""10"":9.0,""100"":9.0,""2"":9.0,""20"":9.0,""250"":9.0,""5"":9.0,""50"":9.0}",4461.1857500012775,0.09271443696298416,-0.15439208046900657,cuda/rule;cuda/learned;cuda/always;cpu/upstream;cuda/upstream;cpu/always;cpu/learned;cpu/rule,6,cpu/always,1000
cpu,rule,7,4678.945850000673,2465.812650000771,5376.2526750009765,8852.532799999608,b74ed76e54491fe1515172404b915cf994859850821b955d8dc6d0da2fda9bfb;919cadbbbfc921cef1c7530228b78d679f0173d18c1b76ae3fdc5cd7489bbe21;01d8f17b2a51b9e8149c4569c49c9c1043a37be1a6ab9c1855f5d0fe1bd0be6e;9e143aab4a8501513a1b536176c207d7492cc26e6185b87d4b6c30969b68f243;01d8f17b2a51b9e8149c4569c49c9c1043a37be1a6ab9c1855f5d0fe1bd0be6e;328d4e1100d6bd74ac6d258a23fdecbdc53b429e236e1a4454da71ea77cb67ec;01d8f17b2a51b9e8149c4569c49c9c1043a37be1a6ab9c1855f5d0fe1bd0be6e;eeffedc824c0f817a378c95fa81fc66204aaaaff6784b822db3b9fe0a57313df;b74ed76e54491fe1515172404b915cf994859850821b955d8dc6d0da2fda9bfb;427d1afe29cf63f0a4d5dcdba551d81bf6e492a4374d319b8032588abb5688f7;b74ed76e54491fe1515172404b915cf994859850821b955d8dc6d0da2fda9bfb;acf7afc3c247d0604e6d234424ae43aee7bafb1806169688ddccb1c50f53c874,8;5;8;5;8;5;8;5;8;5;8;5,"[""I'm sorry, but I can't"", ""A wave 0"", ""I'm sorry, but I don't"", ""B wave 0"", ""I'm sorry, but I don't"", ""C wave 0"", ""I'm sorry, but I don't"", ""A wave 1"", ""I'm sorry, but I can't"", ""B wave 1"", ""I'm sorry, but I can't"", ""C wave 1""]",0;1;2;3;4;5,0;1;2;3;4;5|0;1;2;3;4;5,10,0.6666666666666666,6.0,3.0,0.0,0.0,0.0,0.0,0.0,9.0,1.0,3.0,"{""+Inf"":9.0,""1"":9.0,""10"":9.0,""100"":9.0,""2"":9.0,""20"":9.0,""250"":9.0,""5"":9.0,""50"":9.0}",,,,cuda/rule;cuda/learned;cuda/always;cpu/upstream;cuda/upstream;cpu/always;cpu/learned;cpu/rule,7,cpu/learned,1000
cuda,learned,8,291.8501499998456,119.93622499994672,283.50346500010346,687.6556999995955,01d8f17b2a51b9e8149c4569c49c9c1043a37be1a6ab9c1855f5d0fe1bd0be6e;919cadbbbfc921cef1c7530228b78d679f0173d18c1b76ae3fdc5cd7489bbe21;b74ed76e54491fe1515172404b915cf994859850821b955d8dc6d0da2fda9bfb;9e143aab4a8501513a1b536176c207d7492cc26e6185b87d4b6c30969b68f243;b74ed76e54491fe1515172404b915cf994859850821b955d8dc6d0da2fda9bfb;328d4e1100d6bd74ac6d258a23fdecbdc53b429e236e1a4454da71ea77cb67ec;01d8f17b2a51b9e8149c4569c49c9c1043a37be1a6ab9c1855f5d0fe1bd0be6e;eeffedc824c0f817a378c95fa81fc66204aaaaff6784b822db3b9fe0a57313df;b74ed76e54491fe1515172404b915cf994859850821b955d8dc6d0da2fda9bfb;427d1afe29cf63f0a4d5dcdba551d81bf6e492a4374d319b8032588abb5688f7;01d8f17b2a51b9e8149c4569c49c9c1043a37be1a6ab9c1855f5d0fe1bd0be6e;db799ba0f780cdbb46015db711696eb82b39d3ccdffd193851fdd4fddbab8aef,8;5;8;5;8;5;8;5;8;5;8;33,"[""I'm sorry, but I don't"", ""A wave 0"", ""I'm sorry, but I can't"", ""B wave 0"", ""I'm sorry, but I can't"", ""C wave 0"", ""I'm sorry, but I don't"", ""A wave 1"", ""I'm sorry, but I can't"", ""B wave 1"", ""I'm sorry, but I don't"", ""C wave 1 is a deterministic algorithm used in shared production serving contexts to ensure that resources are allocated in a way that maximizes throughput and minimizes latency.""]",0;1;2;3;4;5,0;1;2;3;4;5|0;1;2;3;4;5,10,0.8333333333333334,10.0,0.0,0.0,6.0,0.0,0.0,0.0,10.0,1.0,3.4,"{""+Inf"":10.0,""1"":10.0,""10"":10.0,""100"":10.0,""2"":10.0,""20"":10.0,""250"":10.0,""5"":10.0,""50"":10.0}",256.0646000001725,0.139752039132504,0.016963081833566214,cuda/learned;cpu/upstream;cuda/rule;cpu/always;cuda/always;cpu/rule;cuda/upstream;cpu/learned,0,trial_washout,1000
cpu,upstream,8,5961.208075000286,3848.7278499997046,5843.063869999241,8449.920900002326,b74ed76e54491fe1515172404b915cf994859850821b955d8dc6d0da2fda9bfb;919cadbbbfc921cef1c7530228b78d679f0173d18c1b76ae3fdc5cd7489bbe21;b74ed76e54491fe1515172404b915cf994859850821b955d8dc6d0da2fda9bfb;9e143aab4a8501513a1b536176c207d7492cc26e6185b87d4b6c30969b68f243;b74ed76e54491fe1515172404b915cf994859850821b955d8dc6d0da2fda9bfb;328d4e1100d6bd74ac6d258a23fdecbdc53b429e236e1a4454da71ea77cb67ec;01d8f17b2a51b9e8149c4569c49c9c1043a37be1a6ab9c1855f5d0fe1bd0be6e;eeffedc824c0f817a378c95fa81fc66204aaaaff6784b822db3b9fe0a57313df;01d8f17b2a51b9e8149c4569c49c9c1043a37be1a6ab9c1855f5d0fe1bd0be6e;427d1afe29cf63f0a4d5dcdba551d81bf6e492a4374d319b8032588abb5688f7;b74ed76e54491fe1515172404b915cf994859850821b955d8dc6d0da2fda9bfb;acf7afc3c247d0604e6d234424ae43aee7bafb1806169688ddccb1c50f53c874,8;5;8;5;8;5;8;5;8;5;8;5,"[""I'm sorry, but I can't"", ""A wave 0"", ""I'm sorry, but I can't"", ""B wave 0"", ""I'm sorry, but I can't"", ""C wave 0"", ""I'm sorry, but I don't"", ""A wave 1"", ""I'm sorry, but I don't"", ""B wave 1"", ""I'm sorry, but I can't"", ""C wave 1""]",0;1;2;3;4;5,0;1;2;3;4;5|0;1;2;3;4;5,10,0.5833333333333334,0.0,0.0,0.0,0.0,0.0,0.0,0.0,0.0,0.0,0.0,"{""+Inf"":0.0,""1"":0.0,""10"":0.0,""100"":0.0,""2"":0.0,""20"":0.0,""250"":0.0,""5"":0.0,""50"":0.0}",,,,cuda/learned;cpu/upstream;cuda/rule;cpu/always;cuda/always;cpu/rule;cuda/upstream;cpu/learned,1,cuda/learned,1000
cuda,rule,8,256.0646000001725,79.72090000021126,242.91621500051403,705.374799999845,01d8f17b2a51b9e8149c4569c49c9c1043a37be1a6ab9c1855f5d0fe1bd0be6e;919cadbbbfc921cef1c7530228b78d679f0173d18c1b76ae3fdc5cd7489bbe21;b74ed76e54491fe1515172404b915cf994859850821b955d8dc6d0da2fda9bfb;9e143aab4a8501513a1b536176c207d7492cc26e6185b87d4b6c30969b68f243;01d8f17b2a51b9e8149c4569c49c9c1043a37be1a6ab9c1855f5d0fe1bd0be6e;328d4e1100d6bd74ac6d258a23fdecbdc53b429e236e1a4454da71ea77cb67ec;01d8f17b2a51b9e8149c4569c49c9c1043a37be1a6ab9c1855f5d0fe1bd0be6e;eeffedc824c0f817a378c95fa81fc66204aaaaff6784b822db3b9fe0a57313df;b74ed76e54491fe1515172404b915cf994859850821b955d8dc6d0da2fda9bfb;427d1afe29cf63f0a4d5dcdba551d81bf6e492a4374d319b8032588abb5688f7;01d8f17b2a51b9e8149c4569c49c9c1043a37be1a6ab9c1855f5d0fe1bd0be6e;db799ba0f780cdbb46015db711696eb82b39d3ccdffd193851fdd4fddbab8aef,8;5;8;5;8;5;8;5;8;5;8;33,"[""I'm sorry, but I don't"", ""A wave 0"", ""I'm sorry, but I can't"", ""B wave 0"", ""I'm sorry, but I don't"", ""C wave 0"", ""I'm sorry, but I don't"", ""A wave 1"", ""I'm sorry, but I can't"", ""B wave 1"", ""I'm sorry, but I don't"", ""C wave 1 is a deterministic algorithm used in shared production serving contexts to ensure that resources are allocated in a way that maximizes throughput and minimizes latency.""]",0;1;2;3;4;5,0;1;2;3;4;5|0;1;2;3;4;5,10,0.8333333333333334,8.0,4.0,0.0,0.0,0.0,0.0,0.0,12.0,1.0,2.0,"{""+Inf"":12.0,""1"":12.0,""10"":12.0,""100"":12.0,""2"":12.0,""20"":12.0,""250"":12.0,""5"":12.0,""50"":12.0}",,,,cuda/learned;cpu/upstream;cuda/rule;cpu/always;cuda/always;cpu/rule;cuda/upstream;cpu/learned,2,cpu/upstream,1000
cpu,always,8,4377.157324999644,2026.3049249997493,5220.759345000806,9403.409599999577,01d8f17b2a51b9e8149c4569c49c9c1043a37be1a6ab9c1855f5d0fe1bd0be6e;919cadbbbfc921cef1c7530228b78d679f0173d18c1b76ae3fdc5cd7489bbe21;b74ed76e54491fe1515172404b915cf994859850821b955d8dc6d0da2fda9bfb;9e143aab4a8501513a1b536176c207d7492cc26e6185b87d4b6c30969b68f243;01d8f17b2a51b9e8149c4569c49c9c1043a37be1a6ab9c1855f5d0fe1bd0be6e;328d4e1100d6bd74ac6d258a23fdecbdc53b429e236e1a4454da71ea77cb67ec;01d8f17b2a51b9e8149c4569c49c9c1043a37be1a6ab9c1855f5d0fe1bd0be6e;eeffedc824c0f817a378c95fa81fc66204aaaaff6784b822db3b9fe0a57313df;b74ed76e54491fe1515172404b915cf994859850821b955d8dc6d0da2fda9bfb;427d1afe29cf63f0a4d5dcdba551d81bf6e492a4374d319b8032588abb5688f7;01d8f17b2a51b9e8149c4569c49c9c1043a37be1a6ab9c1855f5d0fe1bd0be6e;acf7afc3c247d0604e6d234424ae43aee7bafb1806169688ddccb1c50f53c874,8;5;8;5;8;5;8;5;8;5;8;5,"[""I'm sorry, but I don't"", ""A wave 0"", ""I'm sorry, but I can't"", ""B wave 0"", ""I'm sorry, but I don't"", ""C wave 0"", ""I'm sorry, but I don't"", ""A wave 1"", ""I'm sorry, but I can't"", ""B wave 1"", ""I'm sorry, but I don't"", ""C wave 1""]",0;1;2;3;4;5,0;1;2;3;4;5|0;1;2;3;4;5,10,0.5833333333333334,0.0,27.0,0.0,0.0,0.0,0.0,0.0,27.0,1.0,5.8,"{""+Inf"":27.0,""1"":27.0,""10"":27.0,""100"":27.0,""2"":27.0,""20"":27.0,""250"":27.0,""5"":27.0,""50"":27.0}",,,,cuda/learned;cpu/upstream;cuda/rule;cpu/always;cuda/always;cpu/rule;cuda/upstream;cpu/learned,3,cuda/rule,1000
cuda,always,8,274.09227500083944,105.46332500143762,311.8641400014894,674.5157999976072,01d8f17b2a51b9e8149c4569c49c9c1043a37be1a6ab9c1855f5d0fe1bd0be6e;919cadbbbfc921cef1c7530228b78d679f0173d18c1b76ae3fdc5cd7489bbe21;b74ed76e54491fe1515172404b915cf994859850821b955d8dc6d0da2fda9bfb;9e143aab4a8501513a1b536176c207d7492cc26e6185b87d4b6c30969b68f243;b74ed76e54491fe1515172404b915cf994859850821b955d8dc6d0da2fda9bfb;328d4e1100d6bd74ac6d258a23fdecbdc53b429e236e1a4454da71ea77cb67ec;01d8f17b2a51b9e8149c4569c49c9c1043a37be1a6ab9c1855f5d0fe1bd0be6e;eeffedc824c0f817a378c95fa81fc66204aaaaff6784b822db3b9fe0a57313df;b74ed76e54491fe1515172404b915cf994859850821b955d8dc6d0da2fda9bfb;427d1afe29cf63f0a4d5dcdba551d81bf6e492a4374d319b8032588abb5688f7;01d8f17b2a51b9e8149c4569c49c9c1043a37be1a6ab9c1855f5d0fe1bd0be6e;acf7afc3c247d0604e6d234424ae43aee7bafb1806169688ddccb1c50f53c874,8;5;8;5;8;5;8;5;8;5;8;5,"[""I'm sorry, but I don't"", ""A wave 0"", ""I'm sorry, but I can't"", ""B wave 0"", ""I'm sorry, but I can't"", ""C wave 0"", ""I'm sorry, but I don't"", ""A wave 1"", ""I'm sorry, but I can't"", ""B wave 1"", ""I'm sorry, but I don't"", ""C wave 1""]",0;1;2;3;4;5,0;1;2;3;4;5|0;1;2;3;4;5,10,0.8333333333333334,0.0,21.0,0.0,0.0,0.0,0.0,0.0,21.0,1.0,3.0,"{""+Inf"":21.0,""1"":21.0,""10"":21.0,""100"":21.0,""2"":21.0,""20"":21.0,""250"":21.0,""5"":21.0,""50"":21.0}",,,,cuda/learned;cpu/upstream;cuda/rule;cpu/always;cuda/always;cpu/rule;cuda/upstream;cpu/learned,4,cpu/always,1000
cpu,rule,8,4702.439349999622,2473.5616500001925,5375.774519999321,8915.510799997719,b74ed76e54491fe1515172404b915cf994859850821b955d8dc6d0da2fda9bfb;919cadbbbfc921cef1c7530228b78d679f0173d18c1b76ae3fdc5cd7489bbe21;01d8f17b2a51b9e8149c4569c49c9c1043a37be1a6ab9c1855f5d0fe1bd0be6e;9e143aab4a8501513a1b536176c207d7492cc26e6185b87d4b6c30969b68f243;01d8f17b2a51b9e8149c4569c49c9c1043a37be1a6ab9c1855f5d0fe1bd0be6e;328d4e1100d6bd74ac6d258a23fdecbdc53b429e236e1a4454da71ea77cb67ec;01d8f17b2a51b9e8149c4569c49c9c1043a37be1a6ab9c1855f5d0fe1bd0be6e;eeffedc824c0f817a378c95fa81fc66204aaaaff6784b822db3b9fe0a57313df;b74ed76e54491fe1515172404b915cf994859850821b955d8dc6d0da2fda9bfb;427d1afe29cf63f0a4d5dcdba551d81bf6e492a4374d319b8032588abb5688f7;b74ed76e54491fe1515172404b915cf994859850821b955d8dc6d0da2fda9bfb;acf7afc3c247d0604e6d234424ae43aee7bafb1806169688ddccb1c50f53c874,8;5;8;5;8;5;8;5;8;5;8;5,"[""I'm sorry, but I can't"", ""A wave 0"", ""I'm sorry, but I don't"", ""B wave 0"", ""I'm sorry, but I don't"", ""C wave 0"", ""I'm sorry, but I don't"", ""A wave 1"", ""I'm sorry, but I can't"", ""B wave 1"", ""I'm sorry, but I can't"", ""C wave 1""]",0;1;2;3;4;5,0;1;2;3;4;5|0;1;2;3;4;5,10,0.5833333333333334,6.0,3.0,0.0,0.0,0.0,0.0,0.0,9.0,2.0,5.0,"{""+Inf"":9.0,""1"":8.0,""10"":9.0,""100"":9.0,""2"":9.0,""20"":9.0,""250"":9.0,""5"":9.0,""50"":9.0}",,,,cuda/learned;cpu/upstream;cuda/rule;cpu/always;cuda/always;cpu/rule;cuda/upstream;cpu/learned,5,cuda/always,1000
cuda,upstream,8,286.9820500009155,131.61510000099952,271.4889499973651,621.4677999996638,01d8f17b2a51b9e8149c4569c49c9c1043a37be1a6ab9c1855f5d0fe1bd0be6e;919cadbbbfc921cef1c7530228b78d679f0173d18c1b76ae3fdc5cd7489bbe21;b74ed76e54491fe1515172404b915cf994859850821b955d8dc6d0da2fda9bfb;9e143aab4a8501513a1b536176c207d7492cc26e6185b87d4b6c30969b68f243;b74ed76e54491fe1515172404b915cf994859850821b955d8dc6d0da2fda9bfb;328d4e1100d6bd74ac6d258a23fdecbdc53b429e236e1a4454da71ea77cb67ec;01d8f17b2a51b9e8149c4569c49c9c1043a37be1a6ab9c1855f5d0fe1bd0be6e;eeffedc824c0f817a378c95fa81fc66204aaaaff6784b822db3b9fe0a57313df;b74ed76e54491fe1515172404b915cf994859850821b955d8dc6d0da2fda9bfb;427d1afe29cf63f0a4d5dcdba551d81bf6e492a4374d319b8032588abb5688f7;01d8f17b2a51b9e8149c4569c49c9c1043a37be1a6ab9c1855f5d0fe1bd0be6e;acf7afc3c247d0604e6d234424ae43aee7bafb1806169688ddccb1c50f53c874,8;5;8;5;8;5;8;5;8;5;8;5,"[""I'm sorry, but I don't"", ""A wave 0"", ""I'm sorry, but I can't"", ""B wave 0"", ""I'm sorry, but I can't"", ""C wave 0"", ""I'm sorry, but I don't"", ""A wave 1"", ""I'm sorry, but I can't"", ""B wave 1"", ""I'm sorry, but I don't"", ""C wave 1""]",0;1;2;3;4;5,0;1;2;3;4;5|0;1;2;3;4;5,10,0.8333333333333334,10.0,0.0,0.0,0.0,0.0,0.0,0.0,10.0,1.0,2.2,"{""+Inf"":10.0,""1"":10.0,""10"":10.0,""100"":10.0,""2"":10.0,""20"":10.0,""250"":10.0,""5"":10.0,""50"":10.0}",,,,cuda/learned;cpu/upstream;cuda/rule;cpu/always;cuda/always;cpu/rule;cuda/upstream;cpu/learned,6,cpu/rule,1000
cpu,learned,8,4759.6920249989125,2531.8574499988244,5415.556665000075,8911.338300000352,b74ed76e54491fe1515172404b915cf994859850821b955d8dc6d0da2fda9bfb;919cadbbbfc921cef1c7530228b78d679f0173d18c1b76ae3fdc5cd7489bbe21;01d8f17b2a51b9e8149c4569c49c9c1043a37be1a6ab9c1855f5d0fe1bd0be6e;9e143aab4a8501513a1b536176c207d7492cc26e6185b87d4b6c30969b68f243;01d8f17b2a51b9e8149c4569c49c9c1043a37be1a6ab9c1855f5d0fe1bd0be6e;328d4e1100d6bd74ac6d258a23fdecbdc53b429e236e1a4454da71ea77cb67ec;01d8f17b2a51b9e8149c4569c49c9c1043a37be1a6ab9c1855f5d0fe1bd0be6e;eeffedc824c0f817a378c95fa81fc66204aaaaff6784b822db3b9fe0a57313df;b74ed76e54491fe1515172404b915cf994859850821b955d8dc6d0da2fda9bfb;427d1afe29cf63f0a4d5dcdba551d81bf6e492a4374d319b8032588abb5688f7;01d8f17b2a51b9e8149c4569c49c9c1043a37be1a6ab9c1855f5d0fe1bd0be6e;acf7afc3c247d0604e6d234424ae43aee7bafb1806169688ddccb1c50f53c874,8;5;8;5;8;5;8;5;8;5;8;5,"[""I'm sorry, but I can't"", ""A wave 0"", ""I'm sorry, but I don't"", ""B wave 0"", ""I'm sorry, but I don't"", ""C wave 0"", ""I'm sorry, but I don't"", ""A wave 1"", ""I'm sorry, but I can't"", ""B wave 1"", ""I'm sorry, but I don't"", ""C wave 1""]",0;1;2;3;4;5,0;1;2;3;4;5|0;1;2;3;4;5,10,0.5833333333333334,6.0,2.0,2.0,6.0,0.0,0.0,0.0,8.0,1.0,3.7,"{""+Inf"":8.0,""1"":8.0,""10"":8.0,""100"":8.0,""2"":8.0,""20"":8.0,""250"":8.0,""5"":8.0,""50"":8.0}",4377.157324999644,0.08739340891735027,-0.2015557978994578,cuda/learned;cpu/upstream;cuda/rule;cpu/always;cuda/always;cpu/rule;cuda/upstream;cpu/learned,7,cuda/upstream,1000
cpu,upstream,9,5667.519824999545,3688.387924999006,5560.638269999436,7916.527600002155,b74ed76e54491fe1515172404b915cf994859850821b955d8dc6d0da2fda9bfb;919cadbbbfc921cef1c7530228b78d679f0173d18c1b76ae3fdc5cd7489bbe21;b74ed76e54491fe1515172404b915cf994859850821b955d8dc6d0da2fda9bfb;9e143aab4a8501513a1b536176c207d7492cc26e6185b87d4b6c30969b68f243;b74ed76e54491fe1515172404b915cf994859850821b955d8dc6d0da2fda9bfb;328d4e1100d6bd74ac6d258a23fdecbdc53b429e236e1a4454da71ea77cb67ec;01d8f17b2a51b9e8149c4569c49c9c1043a37be1a6ab9c1855f5d0fe1bd0be6e;eeffedc824c0f817a378c95fa81fc66204aaaaff6784b822db3b9fe0a57313df;b74ed76e54491fe1515172404b915cf994859850821b955d8dc6d0da2fda9bfb;427d1afe29cf63f0a4d5dcdba551d81bf6e492a4374d319b8032588abb5688f7;b74ed76e54491fe1515172404b915cf994859850821b955d8dc6d0da2fda9bfb;acf7afc3c247d0604e6d234424ae43aee7bafb1806169688ddccb1c50f53c874,8;5;8;5;8;5;8;5;8;5;8;5,"[""I'm sorry, but I can't"", ""A wave 0"", ""I'm sorry, but I can't"", ""B wave 0"", ""I'm sorry, but I can't"", ""C wave 0"", ""I'm sorry, but I don't"", ""A wave 1"", ""I'm sorry, but I can't"", ""B wave 1"", ""I'm sorry, but I can't"", ""C wave 1""]",0;1;2;3;4;5,0;1;2;3;4;5|0;1;2;3;4;5,10,0.5833333333333334,0.0,0.0,0.0,0.0,0.0,0.0,0.0,0.0,0.0,0.0,"{""+Inf"":0.0,""1"":0.0,""10"":0.0,""100"":0.0,""2"":0.0,""20"":0.0,""250"":0.0,""5"":0.0,""50"":0.0}",,,,cpu/upstream;cpu/always;cuda/learned;cpu/rule;cuda/rule;cpu/learned;cuda/always;cuda/upstream,0,trial_washout,1000
cpu,always,9,4161.148850000245,1914.7649250007817,4804.052699999374,8985.535699997854,01d8f17b2a51b9e8149c4569c49c9c1043a37be1a6ab9c1855f5d0fe1bd0be6e;919cadbbbfc921cef1c7530228b78d679f0173d18c1b76ae3fdc5cd7489bbe21;b74ed76e54491fe1515172404b915cf994859850821b955d8dc6d0da2fda9bfb;9e143aab4a8501513a1b536176c207d7492cc26e6185b87d4b6c30969b68f243;01d8f17b2a51b9e8149c4569c49c9c1043a37be1a6ab9c1855f5d0fe1bd0be6e;328d4e1100d6bd74ac6d258a23fdecbdc53b429e236e1a4454da71ea77cb67ec;01d8f17b2a51b9e8149c4569c49c9c1043a37be1a6ab9c1855f5d0fe1bd0be6e;eeffedc824c0f817a378c95fa81fc66204aaaaff6784b822db3b9fe0a57313df;01d8f17b2a51b9e8149c4569c49c9c1043a37be1a6ab9c1855f5d0fe1bd0be6e;427d1afe29cf63f0a4d5dcdba551d81bf6e492a4374d319b8032588abb5688f7;01d8f17b2a51b9e8149c4569c49c9c1043a37be1a6ab9c1855f5d0fe1bd0be6e;acf7afc3c247d0604e6d234424ae43aee7bafb1806169688ddccb1c50f53c874,8;5;8;5;8;5;8;5;8;5;8;5,"[""I'm sorry, but I don't"", ""A wave 0"", ""I'm sorry, but I can't"", ""B wave 0"", ""I'm sorry, but I don't"", ""C wave 0"", ""I'm sorry, but I don't"", ""A wave 1"", ""I'm sorry, but I don't"", ""B wave 1"", ""I'm sorry, but I don't"", ""C wave 1""]",0;1;2;3;4;5,0;1;2;3;4;5|0;1;2;3;4;5,10,0.5833333333333334,0.0,27.0,0.0,0.0,0.0,0.0,0.0,27.0,5.0,7.9,"{""+Inf"":27.0,""1"":26.0,""10"":27.0,""100"":27.0,""2"":26.0,""20"":27.0,""250"":27.0,""5"":27.0,""50"":27.0}",,,,cpu/upstream;cpu/always;cuda/learned;cpu/rule;cuda/rule;cpu/learned;cuda/always;cuda/upstream,1,cpu/upstream,1000
cuda,learned,9,294.039275000614,141.27267500043672,262.63618000011775,611.0664000007091,01d8f17b2a51b9e8149c4569c49c9c1043a37be1a6ab9c1855f5d0fe1bd0be6e;919cadbbbfc921cef1c7530228b78d679f0173d18c1b76ae3fdc5cd7489bbe21;b74ed76e54491fe1515172404b915cf994859850821b955d8dc6d0da2fda9bfb;9e143aab4a8501513a1b536176c207d7492cc26e6185b87d4b6c30969b68f243;01d8f17b2a51b9e8149c4569c49c9c1043a37be1a6ab9c1855f5d0fe1bd0be6e;328d4e1100d6bd74ac6d258a23fdecbdc53b429e236e1a4454da71ea77cb67ec;01d8f17b2a51b9e8149c4569c49c9c1043a37be1a6ab9c1855f5d0fe1bd0be6e;eeffedc824c0f817a378c95fa81fc66204aaaaff6784b822db3b9fe0a57313df;b74ed76e54491fe1515172404b915cf994859850821b955d8dc6d0da2fda9bfb;427d1afe29cf63f0a4d5dcdba551d81bf6e492a4374d319b8032588abb5688f7;01d8f17b2a51b9e8149c4569c49c9c1043a37be1a6ab9c1855f5d0fe1bd0be6e;acf7afc3c247d0604e6d234424ae43aee7bafb1806169688ddccb1c50f53c874,8;5;8;5;8;5;8;5;8;5;8;5,"[""I'm sorry, but I don't"", ""A wave 0"", ""I'm sorry, but I can't"", ""B wave 0"", ""I'm sorry, but I don't"", ""C wave 0"", ""I'm sorry, but I don't"", ""A wave 1"", ""I'm sorry, but I can't"", ""B wave 1"", ""I'm sorry, but I don't"", ""C wave 1""]",0;1;2;3;4;5,0;1;2;3;4;5|0;1;2;3;4;5,10,0.75,9.0,0.0,0.0,3.0,0.0,0.0,0.0,9.0,5.0,5.2,"{""+Inf"":9.0,""1"":8.0,""10"":9.0,""100"":9.0,""2"":8.0,""20"":9.0,""250"":9.0,""5"":9.0,""50"":9.0}",242.223199998989,0.2139187121705983,0.2139187121705983,cpu/upstream;cpu/always;cuda/learned;cpu/rule;cuda/rule;cpu/learned;cuda/always;cuda/upstream,2,cpu/always,1000
cpu,rule,9,4512.909449998915,2409.046299999318,5153.328930000497,8415.452599998389,01d8f17b2a51b9e8149c4569c49c9c1043a37be1a6ab9c1855f5d0fe1bd0be6e;919cadbbbfc921cef1c7530228b78d679f0173d18c1b76ae3fdc5cd7489bbe21;b74ed76e54491fe1515172404b915cf994859850821b955d8dc6d0da2fda9bfb;9e143aab4a8501513a1b536176c207d7492cc26e6185b87d4b6c30969b68f243;b74ed76e54491fe1515172404b915cf994859850821b955d8dc6d0da2fda9bfb;328d4e1100d6bd74ac6d258a23fdecbdc53b429e236e1a4454da71ea77cb67ec;01d8f17b2a51b9e8149c4569c49c9c1043a37be1a6ab9c1855f5d0fe1bd0be6e;eeffedc824c0f817a378c95fa81fc66204aaaaff6784b822db3b9fe0a57313df;01d8f17b2a51b9e8149c4569c49c9c1043a37be1a6ab9c1855f5d0fe1bd0be6e;427d1afe29cf63f0a4d5dcdba551d81bf6e492a4374d319b8032588abb5688f7;01d8f17b2a51b9e8149c4569c49c9c1043a37be1a6ab9c1855f5d0fe1bd0be6e;acf7afc3c247d0604e6d234424ae43aee7bafb1806169688ddccb1c50f53c874,8;5;8;5;8;5;8;5;8;5;8;5,"[""I'm sorry, but I don't"", ""A wave 0"", ""I'm sorry, but I can't"", ""B wave 0"", ""I'm sorry, but I can't"", ""C wave 0"", ""I'm sorry, but I don't"", ""A wave 1"", ""I'm sorry, but I don't"", ""B wave 1"", ""I'm sorry, but I don't"", ""C wave 1""]",0;1;2;3;4;5,0;1;2;3;4;5|0;1;2;3;4;5,10,0.5833333333333334,6.0,3.0,0.0,0.0,0.0,0.0,0.0,9.0,1.0,3.1,"{""+Inf"":9.0,""1"":9.0,""10"":9.0,""100"":9.0,""2"":9.0,""20"":9.0,""250"":9.0,""5"":9.0,""50"":9.0}",,,,cpu/upstream;cpu/always;cuda/learned;cpu/rule;cuda/rule;cpu/learned;cuda/always;cuda/upstream,3,cuda/learned,1000
cuda,rule,9,245.73839999720803,113.93317499732802,234.7737150030298,527.22089999952,01d8f17b2a51b9e8149c4569c49c9c1043a37be1a6ab9c1855f5d0fe1bd0be6e;919cadbbbfc921cef1c7530228b78d679f0173d18c1b76ae3fdc5cd7489bbe21;b74ed76e54491fe1515172404b915cf994859850821b955d8dc6d0da2fda9bfb;9e143aab4a8501513a1b536176c207d7492cc26e6185b87d4b6c30969b68f243;b74ed76e54491fe1515172404b915cf994859850821b955d8dc6d0da2fda9bfb;328d4e1100d6bd74ac6d258a23fdecbdc53b429e236e1a4454da71ea77cb67ec;01d8f17b2a51b9e8149c4569c49c9c1043a37be1a6ab9c1855f5d0fe1bd0be6e;eeffedc824c0f817a378c95fa81fc66204aaaaff6784b822db3b9fe0a57313df;b74ed76e54491fe1515172404b915cf994859850821b955d8dc6d0da2fda9bfb;427d1afe29cf63f0a4d5dcdba551d81bf6e492a4374d319b8032588abb5688f7;01d8f17b2a51b9e8149c4569c49c9c1043a37be1a6ab9c1855f5d0fe1bd0be6e;acf7afc3c247d0604e6d234424ae43aee7bafb1806169688ddccb1c50f53c874,8;5;8;5;8;5;8;5;8;5;8;5,"[""I'm sorry, but I don't"", ""A wave 0"", ""I'm sorry, but I can't"", ""B wave 0"", ""I'm sorry, but I can't"", ""C wave 0"", ""I'm sorry, but I don't"", ""A wave 1"", ""I'm sorry, but I can't"", ""B wave 1"", ""I'm sorry, but I don't"", ""C wave 1""]",0;1;2;3;4;5,0;1;2;3;4;5|0;1;2;3;4;5,10,0.75,7.0,4.0,0.0,0.0,0.0,0.0,0.0,11.0,1.0,2.8,"{""+Inf"":11.0,""1"":11.0,""10"":11.0,""100"":11.0,""2"":11.0,""20"":11.0,""250"":11.0,""5"":11.0,""50"":11.0}",,,,cpu/upstream;cpu/always;cuda/learned;cpu/rule;cuda/rule;cpu/learned;cuda/always;cuda/upstream,4,cpu/rule,1000
cpu,learned,9,4310.07039999804,2267.6841749980667,4938.610315001096,8169.544899999892,b74ed76e54491fe1515172404b915cf994859850821b955d8dc6d0da2fda9bfb;919cadbbbfc921cef1c7530228b78d679f0173d18c1b76ae3fdc5cd7489bbe21;01d8f17b2a51b9e8149c4569c49c9c1043a37be1a6ab9c1855f5d0fe1bd0be6e;9e143aab4a8501513a1b536176c207d7492cc26e6185b87d4b6c30969b68f243;b74ed76e54491fe1515172404b915cf994859850821b955d8dc6d0da2fda9bfb;328d4e1100d6bd74ac6d258a23fdecbdc53b429e236e1a4454da71ea77cb67ec;01d8f17b2a51b9e8149c4569c49c9c1043a37be1a6ab9c1855f5d0fe1bd0be6e;eeffedc824c0f817a378c95fa81fc66204aaaaff6784b822db3b9fe0a57313df;b74ed76e54491fe1515172404b915cf994859850821b955d8dc6d0da2fda9bfb;427d1afe29cf63f0a4d5dcdba551d81bf6e492a4374d319b8032588abb5688f7;b74ed76e54491fe1515172404b915cf994859850821b955d8dc6d0da2fda9bfb;acf7afc3c247d0604e6d234424ae43aee7bafb1806169688ddccb1c50f53c874,8;5;8;5;8;5;8;5;8;5;8;5,"[""I'm sorry, but I can't"", ""A wave 0"", ""I'm sorry, but I don't"", ""B wave 0"", ""I'm sorry, but I can't"", ""C wave 0"", ""I'm sorry, but I don't"", ""A wave 1"", ""I'm sorry, but I can't"", ""B wave 1"", ""I'm sorry, but I can't"", ""C wave 1""]",0;1;2;3;4;5,0;1;2;3;4;5|0;1;2;3;4;5,10,0.5833333333333334,6.0,3.0,3.0,6.0,0.0,0.0,0.0,9.0,2.0,5.3,"{""+Inf"":9.0,""1"":7.0,""10"":9.0,""100"":9.0,""2"":9.0,""20"":9.0,""250"":9.0,""5"":9.0,""50"":9.0}",4161.148850000245,0.035788565938415236,-0.23951383796026052,cpu/upstream;cpu/always;cuda/learned;cpu/rule;cuda/rule;cpu/learned;cuda/always;cuda/upstream,5,cuda/rule,1000
cuda,always,9,264.9705500016353,102.35625000132131,307.89668500092375,650.4572000012558,01d8f17b2a51b9e8149c4569c49c9c1043a37be1a6ab9c1855f5d0fe1bd0be6e;919cadbbbfc921cef1c7530228b78d679f0173d18c1b76ae3fdc5cd7489bbe21;b74ed76e54491fe1515172404b915cf994859850821b955d8dc6d0da2fda9bfb;9e143aab4a8501513a1b536176c207d7492cc26e6185b87d4b6c30969b68f243;01d8f17b2a51b9e8149c4569c49c9c1043a37be1a6ab9c1855f5d0fe1bd0be6e;328d4e1100d6bd74ac6d258a23fdecbdc53b429e236e1a4454da71ea77cb67ec;01d8f17b2a51b9e8149c4569c49c9c1043a37be1a6ab9c1855f5d0fe1bd0be6e;eeffedc824c0f817a378c95fa81fc66204aaaaff6784b822db3b9fe0a57313df;b74ed76e54491fe1515172404b915cf994859850821b955d8dc6d0da2fda9bfb;427d1afe29cf63f0a4d5dcdba551d81bf6e492a4374d319b8032588abb5688f7;01d8f17b2a51b9e8149c4569c49c9c1043a37be1a6ab9c1855f5d0fe1bd0be6e;acf7afc3c247d0604e6d234424ae43aee7bafb1806169688ddccb1c50f53c874,8;5;8;5;8;5;8;5;8;5;8;5,"[""I'm sorry, but I don't"", ""A wave 0"", ""I'm sorry, but I can't"", ""B wave 0"", ""I'm sorry, but I don't"", ""C wave 0"", ""I'm sorry, but I don't"", ""A wave 1"", ""I'm sorry, but I can't"", ""B wave 1"", ""I'm sorry, but I don't"", ""C wave 1""]",0;1;2;3;4;5,0;1;2;3;4;5|0;1;2;3;4;5,10,0.75,0.0,19.0,0.0,0.0,0.0,0.0,0.0,19.0,1.0,3.5,"{""+Inf"":19.0,""1"":19.0,""10"":19.0,""100"":19.0,""2"":19.0,""20"":19.0,""250"":19.0,""5"":19.0,""50"":19.0}",,,,cpu/upstream;cpu/always;cuda/learned;cpu/rule;cuda/rule;cpu/learned;cuda/always;cuda/upstream,6,cpu/learned,1000
cuda,upstream,9,242.223199998989,110.10282499955792,198.4746999998606,528.4814999977243,01d8f17b2a51b9e8149c4569c49c9c1043a37be1a6ab9c1855f5d0fe1bd0be6e;919cadbbbfc921cef1c7530228b78d679f0173d18c1b76ae3fdc5cd7489bbe21;01d8f17b2a51b9e8149c4569c49c9c1043a37be1a6ab9c1855f5d0fe1bd0be6e;9e143aab4a8501513a1b536176c207d7492cc26e6185b87d4b6c30969b68f243;b74ed76e54491fe1515172404b915cf994859850821b955d8dc6d0da2fda9bfb;328d4e1100d6bd74ac6d258a23fdecbdc53b429e236e1a4454da71ea77cb67ec;01d8f17b2a51b9e8149c4569c49c9c1043a37be1a6ab9c1855f5d0fe1bd0be6e;eeffedc824c0f817a378c95fa81fc66204aaaaff6784b822db3b9fe0a57313df;01d8f17b2a51b9e8149c4569c49c9c1043a37be1a6ab9c1855f5d0fe1bd0be6e;427d1afe29cf63f0a4d5dcdba551d81bf6e492a4374d319b8032588abb5688f7;01d8f17b2a51b9e8149c4569c49c9c1043a37be1a6ab9c1855f5d0fe1bd0be6e;acf7afc3c247d0604e6d234424ae43aee7bafb1806169688ddccb1c50f53c874,8;5;8;5;8;5;8;5;8;5;8;5,"[""I'm sorry, but I don't"", ""A wave 0"", ""I'm sorry, but I don't"", ""B wave 0"", ""I'm sorry, but I can't"", ""C wave 0"", ""I'm sorry, but I don't"", ""A wave 1"", ""I'm sorry, but I don't"", ""B wave 1"", ""I'm sorry, but I don't"", ""C wave 1""]",0;1;2;3;4;5,0;1;2;3;4;5|0;1;2;3;4;5,10,0.75,8.0,0.0,0.0,0.0,0.0,0.0,0.0,8.0,1.0,1.7,"{""+Inf"":8.0,""1"":8.0,""10"":8.0,""100"":8.0,""2"":8.0,""20"":8.0,""250"":8.0,""5"":8.0,""50"":8.0}",,,,cpu/upstream;cpu/always;cuda/learned;cpu/rule;cuda/rule;cpu/learned;cuda/always;cuda/upstream,7,cuda/always,1000
cpu,always,10,4289.901450001707,2065.7587750019957,5046.407519999957,8896.570699998847,01d8f17b2a51b9e8149c4569c49c9c1043a37be1a6ab9c1855f5d0fe1bd0be6e;919cadbbbfc921cef1c7530228b78d679f0173d18c1b76ae3fdc5cd7489bbe21;b74ed76e54491fe1515172404b915cf994859850821b955d8dc6d0da2fda9bfb;9e143aab4a8501513a1b536176c207d7492cc26e6185b87d4b6c30969b68f243;01d8f17b2a51b9e8149c4569c49c9c1043a37be1a6ab9c1855f5d0fe1bd0be6e;328d4e1100d6bd74ac6d258a23fdecbdc53b429e236e1a4454da71ea77cb67ec;01d8f17b2a51b9e8149c4569c49c9c1043a37be1a6ab9c1855f5d0fe1bd0be6e;eeffedc824c0f817a378c95fa81fc66204aaaaff6784b822db3b9fe0a57313df;b74ed76e54491fe1515172404b915cf994859850821b955d8dc6d0da2fda9bfb;427d1afe29cf63f0a4d5dcdba551d81bf6e492a4374d319b8032588abb5688f7;01d8f17b2a51b9e8149c4569c49c9c1043a37be1a6ab9c1855f5d0fe1bd0be6e;acf7afc3c247d0604e6d234424ae43aee7bafb1806169688ddccb1c50f53c874,8;5;8;5;8;5;8;5;8;5;8;5,"[""I'm sorry, but I don't"", ""A wave 0"", ""I'm sorry, but I can't"", ""B wave 0"", ""I'm sorry, but I don't"", ""C wave 0"", ""I'm sorry, but I don't"", ""A wave 1"", ""I'm sorry, but I can't"", ""B wave 1"", ""I'm sorry, but I don't"", ""C wave 1""]",0;1;2;3;4;5,0;1;2;3;4;5|0;1;2;3;4;5,10,0.6666666666666666,0.0,27.0,0.0,0.0,0.0,0.0,0.0,27.0,2.0,7.6,"{""+Inf"":27.0,""1"":26.0,""10"":27.0,""100"":27.0,""2"":27.0,""20"":27.0,""250"":27.0,""5"":27.0,""50"":27.0}",,,,cpu/always;cpu/rule;cpu/upstream;cpu/learned;cuda/learned;cuda/upstream;cuda/rule;cuda/always,0,trial_washout,1000
cpu,rule,10,4168.656850000843,2185.988975001237,4833.10741500154,7930.671499998425,b74ed76e54491fe1515172404b915cf994859850821b955d8dc6d0da2fda9bfb;919cadbbbfc921cef1c7530228b78d679f0173d18c1b76ae3fdc5cd7489bbe21;01d8f17b2a51b9e8149c4569c49c9c1043a37be1a6ab9c1855f5d0fe1bd0be6e;9e143aab4a8501513a1b536176c207d7492cc26e6185b87d4b6c30969b68f243;01d8f17b2a51b9e8149c4569c49c9c1043a37be1a6ab9c1855f5d0fe1bd0be6e;328d4e1100d6bd74ac6d258a23fdecbdc53b429e236e1a4454da71ea77cb67ec;01d8f17b2a51b9e8149c4569c49c9c1043a37be1a6ab9c1855f5d0fe1bd0be6e;eeffedc824c0f817a378c95fa81fc66204aaaaff6784b822db3b9fe0a57313df;b74ed76e54491fe1515172404b915cf994859850821b955d8dc6d0da2fda9bfb;427d1afe29cf63f0a4d5dcdba551d81bf6e492a4374d319b8032588abb5688f7;b74ed76e54491fe1515172404b915cf994859850821b955d8dc6d0da2fda9bfb;acf7afc3c247d0604e6d234424ae43aee7bafb1806169688ddccb1c50f53c874,8;5;8;5;8;5;8;5;8;5;8;5,"[""I'm sorry, but I can't"", ""A wave 0"", ""I'm sorry, but I don't"", ""B wave 0"", ""I'm sorry, but I don't"", ""C wave 0"", ""I'm sorry, but I don't"", ""A wave 1"", ""I'm sorry, but I can't"", ""B wave 1"", ""I'm sorry, but I can't"", ""C wave 1""]",0;1;2;3;4;5,0;1;2;3;4;5|0;1;2;3;4;5,10,0.6666666666666666,6.0,3.0,0.0,0.0,0.0,0.0,0.0,9.0,1.0,3.1,"{""+Inf"":9.0,""1"":9.0,""10"":9.0,""100"":9.0,""2"":9.0,""20"":9.0,""250"":9.0,""5"":9.0,""50"":9.0}",,,,cpu/always;cpu/rule;cpu/upstream;cpu/learned;cuda/learned;cuda/upstream;cuda/rule;cuda/always,1,cpu/always,1000
cpu,upstream,10,5593.20359999856,3617.4364749986125,5473.105709999982,7903.06849999979,b74ed76e54491fe1515172404b915cf994859850821b955d8dc6d0da2fda9bfb;919cadbbbfc921cef1c7530228b78d679f0173d18c1b76ae3fdc5cd7489bbe21;b74ed76e54491fe1515172404b915cf994859850821b955d8dc6d0da2fda9bfb;9e143aab4a8501513a1b536176c207d7492cc26e6185b87d4b6c30969b68f243;b74ed76e54491fe1515172404b915cf994859850821b955d8dc6d0da2fda9bfb;328d4e1100d6bd74ac6d258a23fdecbdc53b429e236e1a4454da71ea77cb67ec;01d8f17b2a51b9e8149c4569c49c9c1043a37be1a6ab9c1855f5d0fe1bd0be6e;eeffedc824c0f817a378c95fa81fc66204aaaaff6784b822db3b9fe0a57313df;b74ed76e54491fe1515172404b915cf994859850821b955d8dc6d0da2fda9bfb;427d1afe29cf63f0a4d5dcdba551d81bf6e492a4374d319b8032588abb5688f7;01d8f17b2a51b9e8149c4569c49c9c1043a37be1a6ab9c1855f5d0fe1bd0be6e;acf7afc3c247d0604e6d234424ae43aee7bafb1806169688ddccb1c50f53c874,8;5;8;5;8;5;8;5;8;5;8;5,"[""I'm sorry, but I can't"", ""A wave 0"", ""I'm sorry, but I can't"", ""B wave 0"", ""I'm sorry, but I can't"", ""C wave 0"", ""I'm sorry, but I don't"", ""A wave 1"", ""I'm sorry, but I can't"", ""B wave 1"", ""I'm sorry, but I don't"", ""C wave 1""]",0;1;2;3;4;5,0;1;2;3;4;5|0;1;2;3;4;5,10,0.6666666666666666,0.0,0.0,0.0,0.0,0.0,0.0,0.0,0.0,0.0,0.0,"{""+Inf"":0.0,""1"":0.0,""10"":0.0,""100"":0.0,""2"":0.0,""20"":0.0,""250"":0.0,""5"":0.0,""50"":0.0}",,,,cpu/always;cpu/rule;cpu/upstream;cpu/learned;cuda/learned;cuda/upstream;cuda/rule;cuda/always,2,cpu/rule,1000
cpu,learned,10,4208.189725000921,2201.9107750011244,4789.327854998008,8025.115799999185,b74ed76e54491fe1515172404b915cf994859850821b955d8dc6d0da2fda9bfb;919cadbbbfc921cef1c7530228b78d679f0173d18c1b76ae3fdc5cd7489bbe21;01d8f17b2a51b9e8149c4569c49c9c1043a37be1a6ab9c1855f5d0fe1bd0be6e;9e143aab4a8501513a1b536176c207d7492cc26e6185b87d4b6c30969b68f243;b74ed76e54491fe1515172404b915cf994859850821b955d8dc6d0da2fda9bfb;328d4e1100d6bd74ac6d258a23fdecbdc53b429e236e1a4454da71ea77cb67ec;01d8f17b2a51b9e8149c4569c49c9c1043a37be1a6ab9c1855f5d0fe1bd0be6e;eeffedc824c0f817a378c95fa81fc66204aaaaff6784b822db3b9fe0a57313df;b74ed76e54491fe1515172404b915cf994859850821b955d8dc6d0da2fda9bfb;427d1afe29cf63f0a4d5dcdba551d81bf6e492a4374d319b8032588abb5688f7;b74ed76e54491fe1515172404b915cf994859850821b955d8dc6d0da2fda9bfb;acf7afc3c247d0604e6d234424ae43aee7bafb1806169688ddccb1c50f53c874,8;5;8;5;8;5;8;5;8;5;8;5,"[""I'm sorry, but I can't"", ""A wave 0"", ""I'm sorry, but I don't"", ""B wave 0"", ""I'm sorry, but I can't"", ""C wave 0"", ""I'm sorry, but I don't"", ""A wave 1"", ""I'm sorry, but I can't"", ""B wave 1"", ""I'm sorry, but I can't"", ""C wave 1""]",0;1;2;3;4;5,0;1;2;3;4;5|0;1;2;3;4;5,10,0.6666666666666666,6.0,2.0,2.0,6.0,0.0,0.0,0.0,8.0,1.0,4.1,"{""+Inf"":8.0,""1"":8.0,""10"":8.0,""100"":8.0,""2"":8.0,""20"":8.0,""250"":8.0,""5"":8.0,""50"":8.0}",4168.656850000843,0.00948336032985521,-0.24762443387506866,cpu/always;cpu/rule;cpu/upstream;cpu/learned;cuda/learned;cuda/upstream;cuda/rule;cuda/always,3,cpu/upstream,1000
cuda,learned,10,303.4242750009071,126.27265000082843,238.34124500099279,708.6065000003146,01d8f17b2a51b9e8149c4569c49c9c1043a37be1a6ab9c1855f5d0fe1bd0be6e;919cadbbbfc921cef1c7530228b78d679f0173d18c1b76ae3fdc5cd7489bbe21;b74ed76e54491fe1515172404b915cf994859850821b955d8dc6d0da2fda9bfb;9e143aab4a8501513a1b536176c207d7492cc26e6185b87d4b6c30969b68f243;b74ed76e54491fe1515172404b915cf994859850821b955d8dc6d0da2fda9bfb;328d4e1100d6bd74ac6d258a23fdecbdc53b429e236e1a4454da71ea77cb67ec;01d8f17b2a51b9e8149c4569c49c9c1043a37be1a6ab9c1855f5d0fe1bd0be6e;eeffedc824c0f817a378c95fa81fc66204aaaaff6784b822db3b9fe0a57313df;b74ed76e54491fe1515172404b915cf994859850821b955d8dc6d0da2fda9bfb;427d1afe29cf63f0a4d5dcdba551d81bf6e492a4374d319b8032588abb5688f7;b74ed76e54491fe1515172404b915cf994859850821b955d8dc6d0da2fda9bfb;7e2e34e5f349d9a4f49c54d81854add089e439b9a9fd7d8def4d711103cbe53f,8;5;8;5;8;5;8;5;8;5;8;29,"[""I'm sorry, but I don't"", ""A wave 0"", ""I'm sorry, but I can't"", ""B wave 0"", ""I'm sorry, but I can't"", ""C wave 0"", ""I'm sorry, but I don't"", ""A wave 1"", ""I'm sorry, but I can't"", ""B wave 1"", ""I'm sorry, but I can't"", ""C wave 1 is a deterministic algorithm used in shared production serving contexts to ensure that resources are allocated efficiently and that the system remains stable.""]",0;1;2;3;4;5,0;1;2;3;4;5|0;1;2;3;4;5,10,0.75,9.0,0.0,0.0,3.0,0.0,0.0,0.0,9.0,1.0,2.6,"{""+Inf"":9.0,""1"":9.0,""10"":9.0,""100"":9.0,""2"":9.0,""20"":9.0,""250"":9.0,""5"":9.0,""50"":9.0}",270.72852499986766,0.12076950517517648,0.12067916071516403,cpu/always;cpu/rule;cpu/upstream;cpu/learned;cuda/learned;cuda/upstream;cuda/rule;cuda/always,4,cpu/learned,1000
cuda,upstream,10,270.75034999961645,127.45119999999588,243.9270899983967,573.1965999984823,01d8f17b2a51b9e8149c4569c49c9c1043a37be1a6ab9c1855f5d0fe1bd0be6e;919cadbbbfc921cef1c7530228b78d679f0173d18c1b76ae3fdc5cd7489bbe21;b74ed76e54491fe1515172404b915cf994859850821b955d8dc6d0da2fda9bfb;9e143aab4a8501513a1b536176c207d7492cc26e6185b87d4b6c30969b68f243;01d8f17b2a51b9e8149c4569c49c9c1043a37be1a6ab9c1855f5d0fe1bd0be6e;328d4e1100d6bd74ac6d258a23fdecbdc53b429e236e1a4454da71ea77cb67ec;01d8f17b2a51b9e8149c4569c49c9c1043a37be1a6ab9c1855f5d0fe1bd0be6e;eeffedc824c0f817a378c95fa81fc66204aaaaff6784b822db3b9fe0a57313df;b74ed76e54491fe1515172404b915cf994859850821b955d8dc6d0da2fda9bfb;427d1afe29cf63f0a4d5dcdba551d81bf6e492a4374d319b8032588abb5688f7;b74ed76e54491fe1515172404b915cf994859850821b955d8dc6d0da2fda9bfb;acf7afc3c247d0604e6d234424ae43aee7bafb1806169688ddccb1c50f53c874,8;5;8;5;8;5;8;5;8;5;8;5,"[""I'm sorry, but I don't"", ""A wave 0"", ""I'm sorry, but I can't"", ""B wave 0"", ""I'm sorry, but I don't"", ""C wave 0"", ""I'm sorry, but I don't"", ""A wave 1"", ""I'm sorry, but I can't"", ""B wave 1"", ""I'm sorry, but I can't"", ""C wave 1""]",0;1;2;3;4;5,0;1;2;3;4;5|0;1;2;3;4;5,10,0.75,9.0,0.0,0.0,0.0,0.0,0.0,0.0,9.0,1.0,1.2,"{""+Inf"":9.0,""1"":9.0,""10"":9.0,""100"":9.0,""2"":9.0,""20"":9.0,""250"":9.0,""5"":9.0,""50"":9.0}",,,,cpu/always;cpu/rule;cpu/upstream;cpu/learned;cuda/learned;cuda/upstream;cuda/rule;cuda/always,5,cuda/learned,1000
cuda,rule,10,270.72852499986766,97.47544999936508,263.61399999914283,693.0123000020103,01d8f17b2a51b9e8149c4569c49c9c1043a37be1a6ab9c1855f5d0fe1bd0be6e;919cadbbbfc921cef1c7530228b78d679f0173d18c1b76ae3fdc5cd7489bbe21;b74ed76e54491fe1515172404b915cf994859850821b955d8dc6d0da2fda9bfb;9e143aab4a8501513a1b536176c207d7492cc26e6185b87d4b6c30969b68f243;b74ed76e54491fe1515172404b915cf994859850821b955d8dc6d0da2fda9bfb;328d4e1100d6bd74ac6d258a23fdecbdc53b429e236e1a4454da71ea77cb67ec;01d8f17b2a51b9e8149c4569c49c9c1043a37be1a6ab9c1855f5d0fe1bd0be6e;eeffedc824c0f817a378c95fa81fc66204aaaaff6784b822db3b9fe0a57313df;b74ed76e54491fe1515172404b915cf994859850821b955d8dc6d0da2fda9bfb;427d1afe29cf63f0a4d5dcdba551d81bf6e492a4374d319b8032588abb5688f7;b74ed76e54491fe1515172404b915cf994859850821b955d8dc6d0da2fda9bfb;db799ba0f780cdbb46015db711696eb82b39d3ccdffd193851fdd4fddbab8aef,8;5;8;5;8;5;8;5;8;5;8;33,"[""I'm sorry, but I don't"", ""A wave 0"", ""I'm sorry, but I can't"", ""B wave 0"", ""I'm sorry, but I can't"", ""C wave 0"", ""I'm sorry, but I don't"", ""A wave 1"", ""I'm sorry, but I can't"", ""B wave 1"", ""I'm sorry, but I can't"", ""C wave 1 is a deterministic algorithm used in shared production serving contexts to ensure that resources are allocated in a way that maximizes throughput and minimizes latency.""]",0;1;2;3;4;5,0;1;2;3;4;5|0;1;2;3;4;5,10,0.75,7.0,5.0,0.0,0.0,0.0,0.0,0.0,12.0,2.0,3.5,"{""+Inf"":12.0,""1"":11.0,""10"":12.0,""100"":12.0,""2"":12.0,""20"":12.0,""250"":12.0,""5"":12.0,""50"":12.0}",,,,cpu/always;cpu/rule;cpu/upstream;cpu/learned;cuda/learned;cuda/upstream;cuda/rule;cuda/always,6,cuda/upstream,1000
cuda,always,10,275.570674998562,100.07764999863866,334.0794299983827,701.9720999996935,01d8f17b2a51b9e8149c4569c49c9c1043a37be1a6ab9c1855f5d0fe1bd0be6e;919cadbbbfc921cef1c7530228b78d679f0173d18c1b76ae3fdc5cd7489bbe21;b74ed76e54491fe1515172404b915cf994859850821b955d8dc6d0da2fda9bfb;9e143aab4a8501513a1b536176c207d7492cc26e6185b87d4b6c30969b68f243;01d8f17b2a51b9e8149c4569c49c9c1043a37be1a6ab9c1855f5d0fe1bd0be6e;328d4e1100d6bd74ac6d258a23fdecbdc53b429e236e1a4454da71ea77cb67ec;01d8f17b2a51b9e8149c4569c49c9c1043a37be1a6ab9c1855f5d0fe1bd0be6e;eeffedc824c0f817a378c95fa81fc66204aaaaff6784b822db3b9fe0a57313df;b74ed76e54491fe1515172404b915cf994859850821b955d8dc6d0da2fda9bfb;427d1afe29cf63f0a4d5dcdba551d81bf6e492a4374d319b8032588abb5688f7;01d8f17b2a51b9e8149c4569c49c9c1043a37be1a6ab9c1855f5d0fe1bd0be6e;acf7afc3c247d0604e6d234424ae43aee7bafb1806169688ddccb1c50f53c874,8;5;8;5;8;5;8;5;8;5;8;5,"[""I'm sorry, but I don't"", ""A wave 0"", ""I'm sorry, but I can't"", ""B wave 0"", ""I'm sorry, but I don't"", ""C wave 0"", ""I'm sorry, but I don't"", ""A wave 1"", ""I'm sorry, but I can't"", ""B wave 1"", ""I'm sorry, but I don't"", ""C wave 1""]",0;1;2;3;4;5,0;1;2;3;4;5|0;1;2;3;4;5,10,0.75,0.0,21.0,0.0,0.0,0.0,0.0,0.0,21.0,1.0,3.7,"{""+Inf"":21.0,""1"":21.0,""10"":21.0,""100"":21.0,""2"":21.0,""20"":21.0,""250"":21.0,""5"":21.0,""50"":21.0}",,,,cpu/always;cpu/rule;cpu/upstream;cpu/learned;cuda/learned;cuda/upstream;cuda/rule;cuda/always,7,cuda/rule,1000
cpu,rule,11,4190.138250000018,2206.2513000000763,4776.116544998511,7935.547799999767,b74ed76e54491fe1515172404b915cf994859850821b955d8dc6d0da2fda9bfb;919cadbbbfc921cef1c7530228b78d679f0173d18c1b76ae3fdc5cd7489bbe21;01d8f17b2a51b9e8149c4569c49c9c1043a37be1a6ab9c1855f5d0fe1bd0be6e;9e143aab4a8501513a1b536176c207d7492cc26e6185b87d4b6c30969b68f243;b74ed76e54491fe1515172404b915cf994859850821b955d8dc6d0da2fda9bfb;328d4e1100d6bd74ac6d258a23fdecbdc53b429e236e1a4454da71ea77cb67ec;01d8f17b2a51b9e8149c4569c49c9c1043a37be1a6ab9c1855f5d0fe1bd0be6e;eeffedc824c0f817a378c95fa81fc66204aaaaff6784b822db3b9fe0a57313df;b74ed76e54491fe1515172404b915cf994859850821b955d8dc6d0da2fda9bfb;427d1afe29cf63f0a4d5dcdba551d81bf6e492a4374d319b8032588abb5688f7;b74ed76e54491fe1515172404b915cf994859850821b955d8dc6d0da2fda9bfb;acf7afc3c247d0604e6d234424ae43aee7bafb1806169688ddccb1c50f53c874,8;5;8;5;8;5;8;5;8;5;8;5,"[""I'm sorry, but I can't"", ""A wave 0"", ""I'm sorry, but I don't"", ""B wave 0"", ""I'm sorry, but I can't"", ""C wave 0"", ""I'm sorry, but I don't"", ""A wave 1"", ""I'm sorry, but I can't"", ""B wave 1"", ""I'm sorry, but I can't"", ""C wave 1""]",0;1;2;3;4;5,0;1;2;3;4;5|0;1;2;3;4;5,10,0.5833333333333334,6.0,3.0,0.0,0.0,0.0,0.0,0.0,9.0,1.0,2.1,"{""+Inf"":9.0,""1"":9.0,""10"":9.0,""100"":9.0,""2"":9.0,""20"":9.0,""250"":9.0,""5"":9.0,""50"":9.0}",,,,cpu/rule;cpu/learned;cpu/always;cuda/upstream;cpu/upstream;cuda/always;cuda/learned;cuda/rule,0,trial_washout,1000
cpu,learned,11,4142.317450001428,2162.580900001558,4765.011295001021,7918.946199999482,b74ed76e54491fe1515172404b915cf994859850821b955d8dc6d0da2fda9bfb;919cadbbbfc921cef1c7530228b78d679f0173d18c1b76ae3fdc5cd7489bbe21;01d8f17b2a51b9e8149c4569c49c9c1043a37be1a6ab9c1855f5d0fe1bd0be6e;9e143aab4a8501513a1b536176c207d7492cc26e6185b87d4b6c30969b68f243;b74ed76e54491fe1515172404b915cf994859850821b955d8dc6d0da2fda9bfb;328d4e1100d6bd74ac6d258a23fdecbdc53b429e236e1a4454da71ea77cb67ec;01d8f17b2a51b9e8149c4569c49c9c1043a37be1a6ab9c1855f5d0fe1bd0be6e;eeffedc824c0f817a378c95fa81fc66204aaaaff6784b822db3b9fe0a57313df;b74ed76e54491fe1515172404b915cf994859850821b955d8dc6d0da2fda9bfb;427d1afe29cf63f0a4d5dcdba551d81bf6e492a4374d319b8032588abb5688f7;b74ed76e54491fe1515172404b915cf994859850821b955d8dc6d0da2fda9bfb;acf7afc3c247d0604e6d234424ae43aee7bafb1806169688ddccb1c50f53c874,8;5;8;5;8;5;8;5;8;5;8;5,"[""I'm sorry, but I can't"", ""A wave 0"", ""I'm sorry, but I don't"", ""B wave 0"", ""I'm sorry, but I can't"", ""C wave 0"", ""I'm sorry, but I don't"", ""A wave 1"", ""I'm sorry, but I can't"", ""B wave 1"", ""I'm sorry, but I can't"", ""C wave 1""]",0;1;2;3;4;5,0;1;2;3;4;5|0;1;2;3;4;5,10,0.5833333333333334,6.0,3.0,3.0,6.0,0.0,0.0,0.0,9.0,1.0,4.2,"{""+Inf"":9.0,""1"":9.0,""10"":9.0,""100"":9.0,""2"":9.0,""20"":9.0,""250"":9.0,""5"":9.0,""50"":9.0}",4114.660200001708,0.006721636454866576,-0.23946259628529504,cpu/rule;cpu/learned;cpu/always;cuda/upstream;cpu/upstream;cuda/always;cuda/learned;cuda/rule,1,cpu/rule,1000
cpu,always,11,4114.660200001708,1888.8593750016298,4997.567785000865,8903.203300000314,01d8f17b2a51b9e8149c4569c49c9c1043a37be1a6ab9c1855f5d0fe1bd0be6e;919cadbbbfc921cef1c7530228b78d679f0173d18c1b76ae3fdc5cd7489bbe21;b74ed76e54491fe1515172404b915cf994859850821b955d8dc6d0da2fda9bfb;9e143aab4a8501513a1b536176c207d7492cc26e6185b87d4b6c30969b68f243;01d8f17b2a51b9e8149c4569c49c9c1043a37be1a6ab9c1855f5d0fe1bd0be6e;328d4e1100d6bd74ac6d258a23fdecbdc53b429e236e1a4454da71ea77cb67ec;01d8f17b2a51b9e8149c4569c49c9c1043a37be1a6ab9c1855f5d0fe1bd0be6e;eeffedc824c0f817a378c95fa81fc66204aaaaff6784b822db3b9fe0a57313df;01d8f17b2a51b9e8149c4569c49c9c1043a37be1a6ab9c1855f5d0fe1bd0be6e;427d1afe29cf63f0a4d5dcdba551d81bf6e492a4374d319b8032588abb5688f7;01d8f17b2a51b9e8149c4569c49c9c1043a37be1a6ab9c1855f5d0fe1bd0be6e;acf7afc3c247d0604e6d234424ae43aee7bafb1806169688ddccb1c50f53c874,8;5;8;5;8;5;8;5;8;5;8;5,"[""I'm sorry, but I don't"", ""A wave 0"", ""I'm sorry, but I can't"", ""B wave 0"", ""I'm sorry, but I don't"", ""C wave 0"", ""I'm sorry, but I don't"", ""A wave 1"", ""I'm sorry, but I don't"", ""B wave 1"", ""I'm sorry, but I don't"", ""C wave 1""]",0;1;2;3;4;5,0;1;2;3;4;5|0;1;2;3;4;5,10,0.5833333333333334,0.0,27.0,0.0,0.0,0.0,0.0,0.0,27.0,1.0,5.9,"{""+Inf"":27.0,""1"":27.0,""10"":27.0,""100"":27.0,""2"":27.0,""20"":27.0,""250"":27.0,""5"":27.0,""50"":27.0}",,,,cpu/rule;cpu/learned;cpu/always;cuda/upstream;cpu/upstream;cuda/always;cuda/learned;cuda/rule,2,cpu/learned,1000
cuda,upstream,11,260.36782499704714,117.55832499784447,189.9244399979579,571.2379999968107,01d8f17b2a51b9e8149c4569c49c9c1043a37be1a6ab9c1855f5d0fe1bd0be6e;919cadbbbfc921cef1c7530228b78d679f0173d18c1b76ae3fdc5cd7489bbe21;01d8f17b2a51b9e8149c4569c49c9c1043a37be1a6ab9c1855f5d0fe1bd0be6e;9e143aab4a8501513a1b536176c207d7492cc26e6185b87d4b6c30969b68f243;b74ed76e54491fe1515172404b915cf994859850821b955d8dc6d0da2fda9bfb;328d4e1100d6bd74ac6d258a23fdecbdc53b429e236e1a4454da71ea77cb67ec;01d8f17b2a51b9e8149c4569c49c9c1043a37be1a6ab9c1855f5d0fe1bd0be6e;eeffedc824c0f817a378c95fa81fc66204aaaaff6784b822db3b9fe0a57313df;01d8f17b2a51b9e8149c4569c49c9c1043a37be1a6ab9c1855f5d0fe1bd0be6e;427d1afe29cf63f0a4d5dcdba551d81bf6e492a4374d319b8032588abb5688f7;01d8f17b2a51b9e8149c4569c49c9c1043a37be1a6ab9c1855f5d0fe1bd0be6e;acf7afc3c247d0604e6d234424ae43aee7bafb1806169688ddccb1c50f53c874,8;5;8;5;8;5;8;5;8;5;8;5,"[""I'm sorry, but I don't"", ""A wave 0"", ""I'm sorry, but I don't"", ""B wave 0"", ""I'm sorry, but I can't"", ""C wave 0"", ""I'm sorry, but I don't"", ""A wave 1"", ""I'm sorry, but I don't"", ""B wave 1"", ""I'm sorry, but I don't"", ""C wave 1""]",0;1;2;3;4;5,0;1;2;3;4;5|0;1;2;3;4;5,10,0.6666666666666666,8.0,0.0,0.0,0.0,0.0,0.0,0.0,8.0,1.0,1.1,"{""+Inf"":8.0,""1"":8.0,""10"":8.0,""100"":8.0,""2"":8.0,""20"":8.0,""250"":8.0,""5"":8.0,""50"":8.0}",,,,cpu/rule;cpu/learned;cpu/always;cuda/upstream;cpu/upstream;cuda/always;cuda/learned;cuda/rule,3,cpu/always,1000
cpu,upstream,11,5446.566374998838,3542.3825499992745,5331.965150001452,7616.735299998254,b74ed76e54491fe1515172404b915cf994859850821b955d8dc6d0da2fda9bfb;919cadbbbfc921cef1c7530228b78d679f0173d18c1b76ae3fdc5cd7489bbe21;b74ed76e54491fe1515172404b915cf994859850821b955d8dc6d0da2fda9bfb;9e143aab4a8501513a1b536176c207d7492cc26e6185b87d4b6c30969b68f243;01d8f17b2a51b9e8149c4569c49c9c1043a37be1a6ab9c1855f5d0fe1bd0be6e;328d4e1100d6bd74ac6d258a23fdecbdc53b429e236e1a4454da71ea77cb67ec;01d8f17b2a51b9e8149c4569c49c9c1043a37be1a6ab9c1855f5d0fe1bd0be6e;eeffedc824c0f817a378c95fa81fc66204aaaaff6784b822db3b9fe0a57313df;b74ed76e54491fe1515172404b915cf994859850821b955d8dc6d0da2fda9bfb;427d1afe29cf63f0a4d5dcdba551d81bf6e492a4374d319b8032588abb5688f7;01d8f17b2a51b9e8149c4569c49c9c1043a37be1a6ab9c1855f5d0fe1bd0be6e;acf7afc3c247d0604e6d234424ae43aee7bafb1806169688ddccb1c50f53c874,8;5;8;5;8;5;8;5;8;5;8;5,"[""I'm sorry, but I can't"", ""A wave 0"", ""I'm sorry, but I can't"", ""B wave 0"", ""I'm sorry, but I don't"", ""C wave 0"", ""I'm sorry, but I don't"", ""A wave 1"", ""I'm sorry, but I can't"", ""B wave 1"", ""I'm sorry, but I don't"", ""C wave 1""]",0;1;2;3;4;5,0;1;2;3;4;5|0;1;2;3;4;5,10,0.5833333333333334,0.0,0.0,0.0,0.0,0.0,0.0,0.0,0.0,0.0,0.0,"{""+Inf"":0.0,""1"":0.0,""10"":0.0,""100"":0.0,""2"":0.0,""20"":0.0,""250"":0.0,""5"":0.0,""50"":0.0}",,,,cpu/rule;cpu/learned;cpu/always;cuda/upstream;cpu/upstream;cuda/always;cuda/learned;cuda/rule,4,cuda/upstream,1000
cuda,always,11,306.74755000109144,106.23417500119103,311.2829250008872,802.0534999996016,01d8f17b2a51b9e8149c4569c49c9c1043a37be1a6ab9c1855f5d0fe1bd0be6e;919cadbbbfc921cef1c7530228b78d679f0173d18c1b76ae3fdc5cd7489bbe21;b74ed76e54491fe1515172404b915cf994859850821b955d8dc6d0da2fda9bfb;9e143aab4a8501513a1b536176c207d7492cc26e6185b87d4b6c30969b68f243;01d8f17b2a51b9e8149c4569c49c9c1043a37be1a6ab9c1855f5d0fe1bd0be6e;328d4e1100d6bd74ac6d258a23fdecbdc53b429e236e1a4454da71ea77cb67ec;01d8f17b2a51b9e8149c4569c49c9c1043a37be1a6ab9c1855f5d0fe1bd0be6e;eeffedc824c0f817a378c95fa81fc66204aaaaff6784b822db3b9fe0a57313df;b74ed76e54491fe1515172404b915cf994859850821b955d8dc6d0da2fda9bfb;427d1afe29cf63f0a4d5dcdba551d81bf6e492a4374d319b8032588abb5688f7;01d8f17b2a51b9e8149c4569c49c9c1043a37be1a6ab9c1855f5d0fe1bd0be6e;db799ba0f780cdbb46015db711696eb82b39d3ccdffd193851fdd4fddbab8aef,8;5;8;5;8;5;8;5;8;5;8;33,"[""I'm sorry, but I don't"", ""A wave 0"", ""I'm sorry, but I can't"", ""B wave 0"", ""I'm sorry, but I don't"", ""C wave 0"", ""I'm sorry, but I don't"", ""A wave 1"", ""I'm sorry, but I can't"", ""B wave 1"", ""I'm sorry, but I don't"", ""C wave 1 is a deterministic algorithm used in shared production serving contexts to ensure that resources are allocated in a way that maximizes throughput and minimizes latency.""]",0;1;2;3;4;5,0;1;2;3;4;5|0;1;2;3;4;5,10,0.6666666666666666,0.0,20.0,0.0,0.0,0.0,0.0,0.0,20.0,1.0,2.4,"{""+Inf"":20.0,""1"":20.0,""10"":20.0,""100"":20.0,""2"":20.0,""20"":20.0,""250"":20.0,""5"":20.0,""50"":20.0}",,,,cpu/rule;cpu/learned;cpu/always;cuda/upstream;cpu/upstream;cuda/always;cuda/learned;cuda/rule,5,cpu/upstream,1000
cuda,learned,11,257.14494999920134,120.62262499966891,222.03620999989653,546.0892999981297,01d8f17b2a51b9e8149c4569c49c9c1043a37be1a6ab9c1855f5d0fe1bd0be6e;919cadbbbfc921cef1c7530228b78d679f0173d18c1b76ae3fdc5cd7489bbe21;b74ed76e54491fe1515172404b915cf994859850821b955d8dc6d0da2fda9bfb;9e143aab4a8501513a1b536176c207d7492cc26e6185b87d4b6c30969b68f243;b74ed76e54491fe1515172404b915cf994859850821b955d8dc6d0da2fda9bfb;328d4e1100d6bd74ac6d258a23fdecbdc53b429e236e1a4454da71ea77cb67ec;01d8f17b2a51b9e8149c4569c49c9c1043a37be1a6ab9c1855f5d0fe1bd0be6e;eeffedc824c0f817a378c95fa81fc66204aaaaff6784b822db3b9fe0a57313df;b74ed76e54491fe1515172404b915cf994859850821b955d8dc6d0da2fda9bfb;427d1afe29cf63f0a4d5dcdba551d81bf6e492a4374d319b8032588abb5688f7;01d8f17b2a51b9e8149c4569c49c9c1043a37be1a6ab9c1855f5d0fe1bd0be6e;acf7afc3c247d0604e6d234424ae43aee7bafb1806169688ddccb1c50f53c874,8;5;8;5;8;5;8;5;8;5;8;5,"[""I'm sorry, but I don't"", ""A wave 0"", ""I'm sorry, but I can't"", ""B wave 0"", ""I'm sorry, but I can't"", ""C wave 0"", ""I'm sorry, but I don't"", ""A wave 1"", ""I'm sorry, but I can't"", ""B wave 1"", ""I'm sorry, but I don't"", ""C wave 1""]",0;1;2;3;4;5,0;1;2;3;4;5|0;1;2;3;4;5,10,0.6666666666666666,8.0,0.0,0.0,4.0,0.0,0.0,0.0,8.0,1.0,2.1,"{""+Inf"":8.0,""1"":8.0,""10"":8.0,""100"":8.0,""2"":8.0,""20"":8.0,""250"":8.0,""5"":8.0,""50"":8.0}",260.36782499704714,-0.012378161540821504,-0.012378161540821504,cpu/rule;cpu/learned;cpu/always;cuda/upstream;cpu/upstream;cuda/always;cuda/learned;cuda/rule,6,cuda/always,1000
cuda,rule,11,264.5960499985449,114.30429999836633,263.2986449983946,601.1670000007143,01d8f17b2a51b9e8149c4569c49c9c1043a37be1a6ab9c1855f5d0fe1bd0be6e;919cadbbbfc921cef1c7530228b78d679f0173d18c1b76ae3fdc5cd7489bbe21;b74ed76e54491fe1515172404b915cf994859850821b955d8dc6d0da2fda9bfb;9e143aab4a8501513a1b536176c207d7492cc26e6185b87d4b6c30969b68f243;01d8f17b2a51b9e8149c4569c49c9c1043a37be1a6ab9c1855f5d0fe1bd0be6e;328d4e1100d6bd74ac6d258a23fdecbdc53b429e236e1a4454da71ea77cb67ec;01d8f17b2a51b9e8149c4569c49c9c1043a37be1a6ab9c1855f5d0fe1bd0be6e;eeffedc824c0f817a378c95fa81fc66204aaaaff6784b822db3b9fe0a57313df;b74ed76e54491fe1515172404b915cf994859850821b955d8dc6d0da2fda9bfb;427d1afe29cf63f0a4d5dcdba551d81bf6e492a4374d319b8032588abb5688f7;01d8f17b2a51b9e8149c4569c49c9c1043a37be1a6ab9c1855f5d0fe1bd0be6e;acf7afc3c247d0604e6d234424ae43aee7bafb1806169688ddccb1c50f53c874,8;5;8;5;8;5;8;5;8;5;8;5,"[""I'm sorry, but I don't"", ""A wave 0"", ""I'm sorry, but I can't"", ""B wave 0"", ""I'm sorry, but I don't"", ""C wave 0"", ""I'm sorry, but I don't"", ""A wave 1"", ""I'm sorry, but I can't"", ""B wave 1"", ""I'm sorry, but I don't"", ""C wave 1""]",0;1;2;3;4;5,0;1;2;3;4;5|0;1;2;3;4;5,10,0.6666666666666666,7.0,5.0,0.0,0.0,0.0,0.0,0.0,12.0,1.0,2.2,"{""+Inf"":12.0,""1"":12.0,""10"":12.0,""100"":12.0,""2"":12.0,""20"":12.0,""250"":12.0,""5"":12.0,""50"":12.0}",,,,cpu/rule;cpu/learned;cpu/always;cuda/upstream;cpu/upstream;cuda/always;cuda/learned;cuda/rule,7,cuda/learned,1000
cpu,learned,12,4168.027400000938,2158.376775000761,4772.197160000358,8038.602500000707,b74ed76e54491fe1515172404b915cf994859850821b955d8dc6d0da2fda9bfb;919cadbbbfc921cef1c7530228b78d679f0173d18c1b76ae3fdc5cd7489bbe21;01d8f17b2a51b9e8149c4569c49c9c1043a37be1a6ab9c1855f5d0fe1bd0be6e;9e143aab4a8501513a1b536176c207d7492cc26e6185b87d4b6c30969b68f243;01d8f17b2a51b9e8149c4569c49c9c1043a37be1a6ab9c1855f5d0fe1bd0be6e;328d4e1100d6bd74ac6d258a23fdecbdc53b429e236e1a4454da71ea77cb67ec;01d8f17b2a51b9e8149c4569c49c9c1043a37be1a6ab9c1855f5d0fe1bd0be6e;eeffedc824c0f817a378c95fa81fc66204aaaaff6784b822db3b9fe0a57313df;b74ed76e54491fe1515172404b915cf994859850821b955d8dc6d0da2fda9bfb;427d1afe29cf63f0a4d5dcdba551d81bf6e492a4374d319b8032588abb5688f7;b74ed76e54491fe1515172404b915cf994859850821b955d8dc6d0da2fda9bfb;acf7afc3c247d0604e6d234424ae43aee7bafb1806169688ddccb1c50f53c874,8;5;8;5;8;5;8;5;8;5;8;5,"[""I'm sorry, but I can't"", ""A wave 0"", ""I'm sorry, but I don't"", ""B wave 0"", ""I'm sorry, but I don't"", ""C wave 0"", ""I'm sorry, but I don't"", ""A wave 1"", ""I'm sorry, but I can't"", ""B wave 1"", ""I'm sorry, but I can't"", ""C wave 1""]",0;1;2;3;4;5,0;1;2;3;4;5|0;1;2;3;4;5,10,0.6666666666666666,6.0,3.0,3.0,6.0,0.0,0.0,0.0,9.0,1.0,3.7,"{""+Inf"":9.0,""1"":9.0,""10"":9.0,""100"":9.0,""2"":9.0,""20"":9.0,""250"":9.0,""5"":9.0,""50"":9.0}",4151.668949999475,0.003940210599273397,-0.24158706688777462,cpu/learned;cuda/upstream;cpu/rule;cuda/always;cpu/always;cuda/rule;cpu/upstream;cuda/learned,0,trial_washout,1000
cuda,upstream,12,325.58302499910496,161.88632499961386,322.32817499861994,654.7867999979644,01d8f17b2a51b9e8149c4569c49c9c1043a37be1a6ab9c1855f5d0fe1bd0be6e;919cadbbbfc921cef1c7530228b78d679f0173d18c1b76ae3fdc5cd7489bbe21;01d8f17b2a51b9e8149c4569c49c9c1043a37be1a6ab9c1855f5d0fe1bd0be6e;9e143aab4a8501513a1b536176c207d7492cc26e6185b87d4b6c30969b68f243;b74ed76e54491fe1515172404b915cf994859850821b955d8dc6d0da2fda9bfb;328d4e1100d6bd74ac6d258a23fdecbdc53b429e236e1a4454da71ea77cb67ec;01d8f17b2a51b9e8149c4569c49c9c1043a37be1a6ab9c1855f5d0fe1bd0be6e;eeffedc824c0f817a378c95fa81fc66204aaaaff6784b822db3b9fe0a57313df;b74ed76e54491fe1515172404b915cf994859850821b955d8dc6d0da2fda9bfb;427d1afe29cf63f0a4d5dcdba551d81bf6e492a4374d319b8032588abb5688f7;01d8f17b2a51b9e8149c4569c49c9c1043a37be1a6ab9c1855f5d0fe1bd0be6e;acf7afc3c247d0604e6d234424ae43aee7bafb1806169688ddccb1c50f53c874,8;5;8;5;8;5;8;5;8;5;8;5,"[""I'm sorry, but I don't"", ""A wave 0"", ""I'm sorry, but I don't"", ""B wave 0"", ""I'm sorry, but I can't"", ""C wave 0"", ""I'm sorry, but I don't"", ""A wave 1"", ""I'm sorry, but I can't"", ""B wave 1"", ""I'm sorry, but I don't"", ""C wave 1""]",0;1;2;3;4;5,0;1;2;3;4;5|0;1;2;3;4;5,10,0.6666666666666666,10.0,0.0,0.0,0.0,0.0,0.0,0.0,10.0,1.0,2.2,"{""+Inf"":10.0,""1"":10.0,""10"":10.0,""100"":10.0,""2"":10.0,""20"":10.0,""250"":10.0,""5"":10.0,""50"":10.0}",,,,cpu/learned;cuda/upstream;cpu/rule;cuda/always;cpu/always;cuda/rule;cpu/upstream;cuda/learned,1,cpu/learned,1000
cpu,rule,12,4151.668949999475,2132.8132499993444,4806.564679999245,8075.422800000524,b74ed76e54491fe1515172404b915cf994859850821b955d8dc6d0da2fda9bfb;919cadbbbfc921cef1c7530228b78d679f0173d18c1b76ae3fdc5cd7489bbe21;01d8f17b2a51b9e8149c4569c49c9c1043a37be1a6ab9c1855f5d0fe1bd0be6e;9e143aab4a8501513a1b536176c207d7492cc26e6185b87d4b6c30969b68f243;b74ed76e54491fe1515172404b915cf994859850821b955d8dc6d0da2fda9bfb;328d4e1100d6bd74ac6d258a23fdecbdc53b429e236e1a4454da71ea77cb67ec;01d8f17b2a51b9e8149c4569c49c9c1043a37be1a6ab9c1855f5d0fe1bd0be6e;eeffedc824c0f817a378c95fa81fc66204aaaaff6784b822db3b9fe0a57313df;b74ed76e54491fe1515172404b915cf994859850821b955d8dc6d0da2fda9bfb;427d1afe29cf63f0a4d5dcdba551d81bf6e492a4374d319b8032588abb5688f7;b74ed76e54491fe1515172404b915cf994859850821b955d8dc6d0da2fda9bfb;acf7afc3c247d0604e6d234424ae43aee7bafb1806169688ddccb1c50f53c874,8;5;8;5;8;5;8;5;8;5;8;5,"[""I'm sorry, but I can't"", ""A wave 0"", ""I'm sorry, but I don't"", ""B wave 0"", ""I'm sorry, but I can't"", ""C wave 0"", ""I'm sorry, but I don't"", ""A wave 1"", ""I'm sorry, but I can't"", ""B wave 1"", ""I'm sorry, but I can't"", ""C wave 1""]",0;1;2;3;4;5,0;1;2;3;4;5|0;1;2;3;4;5,10,0.6666666666666666,6.0,3.0,0.0,0.0,0.0,0.0,0.0,9.0,1.0,2.8,"{""+Inf"":9.0,""1"":9.0,""10"":9.0,""100"":9.0,""2"":9.0,""20"":9.0,""250"":9.0,""5"":9.0,""50"":9.0}",,,,cpu/learned;cuda/upstream;cpu/rule;cuda/always;cpu/always;cuda/rule;cpu/upstream;cuda/learned,2,cuda/upstream,1000
cuda,always,12,302.6253749994794,110.54897499980143,358.05842999943707,768.3055999987118,01d8f17b2a51b9e8149c4569c49c9c1043a37be1a6ab9c1855f5d0fe1bd0be6e;919cadbbbfc921cef1c7530228b78d679f0173d18c1b76ae3fdc5cd7489bbe21;b74ed76e54491fe1515172404b915cf994859850821b955d8dc6d0da2fda9bfb;9e143aab4a8501513a1b536176c207d7492cc26e6185b87d4b6c30969b68f243;01d8f17b2a51b9e8149c4569c49c9c1043a37be1a6ab9c1855f5d0fe1bd0be6e;328d4e1100d6bd74ac6d258a23fdecbdc53b429e236e1a4454da71ea77cb67ec;01d8f17b2a51b9e8149c4569c49c9c1043a37be1a6ab9c1855f5d0fe1bd0be6e;eeffedc824c0f817a378c95fa81fc66204aaaaff6784b822db3b9fe0a57313df;b74ed76e54491fe1515172404b915cf994859850821b955d8dc6d0da2fda9bfb;427d1afe29cf63f0a4d5dcdba551d81bf6e492a4374d319b8032588abb5688f7;b74ed76e54491fe1515172404b915cf994859850821b955d8dc6d0da2fda9bfb;acf7afc3c247d0604e6d234424ae43aee7bafb1806169688ddccb1c50f53c874,8;5;8;5;8;5;8;5;8;5;8;5,"[""I'm sorry, but I don't"", ""A wave 0"", ""I'm sorry, but I can't"", ""B wave 0"", ""I'm sorry, but I don't"", ""C wave 0"", ""I'm sorry, but I don't"", ""A wave 1"", ""I'm sorry, but I can't"", ""B wave 1"", ""I'm sorry, but I can't"", ""C wave 1""]",0;1;2;3;4;5,0;1;2;3;4;5|0;1;2;3;4;5,10,0.6666666666666666,0.0,21.0,0.0,0.0,0.0,0.0,0.0,21.0,2.0,4.9,"{""+Inf"":21.0,""1"":20.0,""10"":21.0,""100"":21.0,""2"":21.0,""20"":21.0,""250"":21.0,""5"":21.0,""50"":21.0}",,,,cpu/learned;cuda/upstream;cpu/rule;cuda/always;cpu/always;cuda/rule;cpu/upstream;cuda/learned,3,cpu/rule,1000
cpu,always,12,4233.2971499999985,1974.2243500004406,5006.761684997764,9036.291199998232,01d8f17b2a51b9e8149c4569c49c9c1043a37be1a6ab9c1855f5d0fe1bd0be6e;919cadbbbfc921cef1c7530228b78d679f0173d18c1b76ae3fdc5cd7489bbe21;b74ed76e54491fe1515172404b915cf994859850821b955d8dc6d0da2fda9bfb;9e143aab4a8501513a1b536176c207d7492cc26e6185b87d4b6c30969b68f243;01d8f17b2a51b9e8149c4569c49c9c1043a37be1a6ab9c1855f5d0fe1bd0be6e;328d4e1100d6bd74ac6d258a23fdecbdc53b429e236e1a4454da71ea77cb67ec;01d8f17b2a51b9e8149c4569c49c9c1043a37be1a6ab9c1855f5d0fe1bd0be6e;eeffedc824c0f817a378c95fa81fc66204aaaaff6784b822db3b9fe0a57313df;b74ed76e54491fe1515172404b915cf994859850821b955d8dc6d0da2fda9bfb;427d1afe29cf63f0a4d5dcdba551d81bf6e492a4374d319b8032588abb5688f7;01d8f17b2a51b9e8149c4569c49c9c1043a37be1a6ab9c1855f5d0fe1bd0be6e;acf7afc3c247d0604e6d234424ae43aee7bafb1806169688ddccb1c50f53c874,8;5;8;5;8;5;8;5;8;5;8;5,"[""I'm sorry, but I don't"", ""A wave 0"", ""I'm sorry, but I can't"", ""B wave 0"", ""I'm sorry, but I don't"", ""C wave 0"", ""I'm sorry, but I don't"", ""A wave 1"", ""I'm sorry, but I can't"", ""B wave 1"", ""I'm sorry, but I don't"", ""C wave 1""]",0;1;2;3;4;5,0;1;2;3;4;5|0;1;2;3;4;5,10,0.6666666666666666,0.0,27.0,0.0,0.0,0.0,0.0,0.0,27.0,2.0,8.2,"{""+Inf"":27.0,""1"":26.0,""10"":27.0,""100"":27.0,""2"":27.0,""20"":27.0,""250"":27.0,""5"":27.0,""50"":27.0}",,,,cpu/learned;cuda/upstream;cpu/rule;cuda/always;cpu/always;cuda/rule;cpu/upstream;cuda/learned,4,cuda/always,1000
cuda,rule,12,328.96192500084,135.04590000138705,287.3916599975928,775.6640999978117,01d8f17b2a51b9e8149c4569c49c9c1043a37be1a6ab9c1855f5d0fe1bd0be6e;919cadbbbfc921cef1c7530228b78d679f0173d18c1b76ae3fdc5cd7489bbe21;b74ed76e54491fe1515172404b915cf994859850821b955d8dc6d0da2fda9bfb;9e143aab4a8501513a1b536176c207d7492cc26e6185b87d4b6c30969b68f243;01d8f17b2a51b9e8149c4569c49c9c1043a37be1a6ab9c1855f5d0fe1bd0be6e;328d4e1100d6bd74ac6d258a23fdecbdc53b429e236e1a4454da71ea77cb67ec;01d8f17b2a51b9e8149c4569c49c9c1043a37be1a6ab9c1855f5d0fe1bd0be6e;eeffedc824c0f817a378c95fa81fc66204aaaaff6784b822db3b9fe0a57313df;b74ed76e54491fe1515172404b915cf994859850821b955d8dc6d0da2fda9bfb;427d1afe29cf63f0a4d5dcdba551d81bf6e492a4374d319b8032588abb5688f7;b74ed76e54491fe1515172404b915cf994859850821b955d8dc6d0da2fda9bfb;db799ba0f780cdbb46015db711696eb82b39d3ccdffd193851fdd4fddbab8aef,8;5;8;5;8;5;8;5;8;5;8;33,"[""I'm sorry, but I don't"", ""A wave 0"", ""I'm sorry, but I can't"", ""B wave 0"", ""I'm sorry, but I don't"", ""C wave 0"", ""I'm sorry, but I don't"", ""A wave 1"", ""I'm sorry, but I can't"", ""B wave 1"", ""I'm sorry, but I can't"", ""C wave 1 is a deterministic algorithm used in shared production serving contexts to ensure that resources are allocated in a way that maximizes throughput and minimizes latency.""]",0;1;2;3;4;5,0;1;2;3;4;5|0;1;2;3;4;5,10,0.6666666666666666,7.0,6.0,0.0,0.0,0.0,0.0,0.0,13.0,1.0,2.4,"{""+Inf"":13.0,""1"":13.0,""10"":13.0,""100"":13.0,""2"":13.0,""20"":13.0,""250"":13.0,""5"":13.0,""50"":13.0}",,,,cpu/learned;cuda/upstream;cpu/rule;cuda/always;cpu/always;cuda/rule;cpu/upstream;cuda/learned,5,cpu/always,1000
cpu,upstream,12,5495.722999998179,3550.8315249981024,5351.970779999465,7779.565900000307,b74ed76e54491fe1515172404b915cf994859850821b955d8dc6d0da2fda9bfb;919cadbbbfc921cef1c7530228b78d679f0173d18c1b76ae3fdc5cd7489bbe21;b74ed76e54491fe1515172404b915cf994859850821b955d8dc6d0da2fda9bfb;9e143aab4a8501513a1b536176c207d7492cc26e6185b87d4b6c30969b68f243;b74ed76e54491fe1515172404b915cf994859850821b955d8dc6d0da2fda9bfb;328d4e1100d6bd74ac6d258a23fdecbdc53b429e236e1a4454da71ea77cb67ec;01d8f17b2a51b9e8149c4569c49c9c1043a37be1a6ab9c1855f5d0fe1bd0be6e;eeffedc824c0f817a378c95fa81fc66204aaaaff6784b822db3b9fe0a57313df;b74ed76e54491fe1515172404b915cf994859850821b955d8dc6d0da2fda9bfb;427d1afe29cf63f0a4d5dcdba551d81bf6e492a4374d319b8032588abb5688f7;b74ed76e54491fe1515172404b915cf994859850821b955d8dc6d0da2fda9bfb;acf7afc3c247d0604e6d234424ae43aee7bafb1806169688ddccb1c50f53c874,8;5;8;5;8;5;8;5;8;5;8;5,"[""I'm sorry, but I can't"", ""A wave 0"", ""I'm sorry, but I can't"", ""B wave 0"", ""I'm sorry, but I can't"", ""C wave 0"", ""I'm sorry, but I don't"", ""A wave 1"", ""I'm sorry, but I can't"", ""B wave 1"", ""I'm sorry, but I can't"", ""C wave 1""]",0;1;2;3;4;5,0;1;2;3;4;5|0;1;2;3;4;5,10,0.6666666666666666,0.0,0.0,0.0,0.0,0.0,0.0,0.0,0.0,0.0,0.0,"{""+Inf"":0.0,""1"":0.0,""10"":0.0,""100"":0.0,""2"":0.0,""20"":0.0,""250"":0.0,""5"":0.0,""50"":0.0}",,,,cpu/learned;cuda/upstream;cpu/rule;cuda/always;cpu/always;cuda/rule;cpu/upstream;cuda/learned,6,cuda/rule,1000
cuda,learned,12,293.4669250007573,139.12932500079478,269.5363799994084,617.3503999998502,01d8f17b2a51b9e8149c4569c49c9c1043a37be1a6ab9c1855f5d0fe1bd0be6e;919cadbbbfc921cef1c7530228b78d679f0173d18c1b76ae3fdc5cd7489bbe21;b74ed76e54491fe1515172404b915cf994859850821b955d8dc6d0da2fda9bfb;9e143aab4a8501513a1b536176c207d7492cc26e6185b87d4b6c30969b68f243;b74ed76e54491fe1515172404b915cf994859850821b955d8dc6d0da2fda9bfb;328d4e1100d6bd74ac6d258a23fdecbdc53b429e236e1a4454da71ea77cb67ec;01d8f17b2a51b9e8149c4569c49c9c1043a37be1a6ab9c1855f5d0fe1bd0be6e;eeffedc824c0f817a378c95fa81fc66204aaaaff6784b822db3b9fe0a57313df;b74ed76e54491fe1515172404b915cf994859850821b955d8dc6d0da2fda9bfb;427d1afe29cf63f0a4d5dcdba551d81bf6e492a4374d319b8032588abb5688f7;01d8f17b2a51b9e8149c4569c49c9c1043a37be1a6ab9c1855f5d0fe1bd0be6e;acf7afc3c247d0604e6d234424ae43aee7bafb1806169688ddccb1c50f53c874,8;5;8;5;8;5;8;5;8;5;8;5,"[""I'm sorry, but I don't"", ""A wave 0"", ""I'm sorry, but I can't"", ""B wave 0"", ""I'm sorry, but I can't"", ""C wave 0"", ""I'm sorry, but I don't"", ""A wave 1"", ""I'm sorry, but I can't"", ""B wave 1"", ""I'm sorry, but I don't"", ""C wave 1""]",0;1;2;3;4;5,0;1;2;3;4;5|0;1;2;3;4;5,10,0.6666666666666666,9.0,0.0,0.0,5.0,0.0,0.0,0.0,9.0,1.0,2.8,"{""+Inf"":9.0,""1"":9.0,""10"":9.0,""100"":9.0,""2"":9.0,""20"":9.0,""250"":9.0,""5"":9.0,""50"":9.0}",302.6253749994794,-0.030263324741812606,-0.09864181340054791,cpu/learned;cuda/upstream;cpu/rule;cuda/always;cpu/always;cuda/rule;cpu/upstream;cuda/learned,7,cpu/upstream,1000
cuda,upstream,13,264.483349998045,128.86827499823994,228.8314650004395,542.4602999992203,01d8f17b2a51b9e8149c4569c49c9c1043a37be1a6ab9c1855f5d0fe1bd0be6e;919cadbbbfc921cef1c7530228b78d679f0173d18c1b76ae3fdc5cd7489bbe21;b74ed76e54491fe1515172404b915cf994859850821b955d8dc6d0da2fda9bfb;9e143aab4a8501513a1b536176c207d7492cc26e6185b87d4b6c30969b68f243;01d8f17b2a51b9e8149c4569c49c9c1043a37be1a6ab9c1855f5d0fe1bd0be6e;328d4e1100d6bd74ac6d258a23fdecbdc53b429e236e1a4454da71ea77cb67ec;01d8f17b2a51b9e8149c4569c49c9c1043a37be1a6ab9c1855f5d0fe1bd0be6e;eeffedc824c0f817a378c95fa81fc66204aaaaff6784b822db3b9fe0a57313df;b74ed76e54491fe1515172404b915cf994859850821b955d8dc6d0da2fda9bfb;427d1afe29cf63f0a4d5dcdba551d81bf6e492a4374d319b8032588abb5688f7;01d8f17b2a51b9e8149c4569c49c9c1043a37be1a6ab9c1855f5d0fe1bd0be6e;acf7afc3c247d0604e6d234424ae43aee7bafb1806169688ddccb1c50f53c874,8;5;8;5;8;5;8;5;8;5;8;5,"[""I'm sorry, but I don't"", ""A wave 0"", ""I'm sorry, but I can't"", ""B wave 0"", ""I'm sorry, but I don't"", ""C wave 0"", ""I'm sorry, but I don't"", ""A wave 1"", ""I'm sorry, but I can't"", ""B wave 1"", ""I'm sorry, but I don't"", ""C wave 1""]",0;1;2;3;4;5,0;1;2;3;4;5|0;1;2;3;4;5,10,0.75,9.0,0.0,0.0,0.0,0.0,0.0,0.0,9.0,1.0,2.4,"{""+Inf"":9.0,""1"":9.0,""10"":9.0,""100"":9.0,""2"":9.0,""20"":9.0,""250"":9.0,""5"":9.0,""50"":9.0}",,,,cuda/upstream;cuda/always;cpu/learned;cuda/rule;cpu/rule;cuda/learned;cpu/always;cpu/upstream,0,trial_washout,1000
cuda,always,13,283.62449999985984,97.72802499992395,350.23165500024334,743.5858999997436,01d8f17b2a51b9e8149c4569c49c9c1043a37be1a6ab9c1855f5d0fe1bd0be6e;919cadbbbfc921cef1c7530228b78d679f0173d18c1b76ae3fdc5cd7489bbe21;b74ed76e54491fe1515172404b915cf994859850821b955d8dc6d0da2fda9bfb;9e143aab4a8501513a1b536176c207d7492cc26e6185b87d4b6c30969b68f243;01d8f17b2a51b9e8149c4569c49c9c1043a37be1a6ab9c1855f5d0fe1bd0be6e;328d4e1100d6bd74ac6d258a23fdecbdc53b429e236e1a4454da71ea77cb67ec;01d8f17b2a51b9e8149c4569c49c9c1043a37be1a6ab9c1855f5d0fe1bd0be6e;eeffedc824c0f817a378c95fa81fc66204aaaaff6784b822db3b9fe0a57313df;b74ed76e54491fe1515172404b915cf994859850821b955d8dc6d0da2fda9bfb;427d1afe29cf63f0a4d5dcdba551d81bf6e492a4374d319b8032588abb5688f7;b74ed76e54491fe1515172404b915cf994859850821b955d8dc6d0da2fda9bfb;acf7afc3c247d0604e6d234424ae43aee7bafb1806169688ddccb1c50f53c874,8;5;8;5;8;5;8;5;8;5;8;5,"[""I'm sorry, but I don't"", ""A wave 0"", ""I'm sorry, but I can't"", ""B wave 0"", ""I'm sorry, but I don't"", ""C wave 0"", ""I'm sorry, but I don't"", ""A wave 1"", ""I'm sorry, but I can't"", ""B wave 1"", ""I'm sorry, but I can't"", ""C wave 1""]",0;1;2;3;4;5,0;1;2;3;4;5|0;1;2;3;4;5,10,0.75,0.0,21.0,0.0,0.0,0.0,0.0,0.0,21.0,1.0,5.5,"{""+Inf"":21.0,""1"":21.0,""10"":21.0,""100"":21.0,""2"":21.0,""20"":21.0,""250"":21.0,""5"":21.0,""50"":21.0}",,,,cuda/upstream;cuda/always;cpu/learned;cuda/rule;cpu/rule;cuda/learned;cpu/always;cpu/upstream,1,cuda/upstream,1000
cpu,learned,13,4499.3274750004275,2386.722400000508,5123.548030000346,8450.420299999678,b74ed76e54491fe1515172404b915cf994859850821b955d8dc6d0da2fda9bfb;919cadbbbfc921cef1c7530228b78d679f0173d18c1b76ae3fdc5cd7489bbe21;01d8f17b2a51b9e8149c4569c49c9c1043a37be1a6ab9c1855f5d0fe1bd0be6e;9e143aab4a8501513a1b536176c207d7492cc26e6185b87d4b6c30969b68f243;01d8f17b2a51b9e8149c4569c49c9c1043a37be1a6ab9c1855f5d0fe1bd0be6e;328d4e1100d6bd74ac6d258a23fdecbdc53b429e236e1a4454da71ea77cb67ec;01d8f17b2a51b9e8149c4569c49c9c1043a37be1a6ab9c1855f5d0fe1bd0be6e;eeffedc824c0f817a378c95fa81fc66204aaaaff6784b822db3b9fe0a57313df;b74ed76e54491fe1515172404b915cf994859850821b955d8dc6d0da2fda9bfb;427d1afe29cf63f0a4d5dcdba551d81bf6e492a4374d319b8032588abb5688f7;b74ed76e54491fe1515172404b915cf994859850821b955d8dc6d0da2fda9bfb;acf7afc3c247d0604e6d234424ae43aee7bafb1806169688ddccb1c50f53c874,8;5;8;5;8;5;8;5;8;5;8;5,"[""I'm sorry, but I can't"", ""A wave 0"", ""I'm sorry, but I don't"", ""B wave 0"", ""I'm sorry, but I don't"", ""C wave 0"", ""I'm sorry, but I don't"", ""A wave 1"", ""I'm sorry, but I can't"", ""B wave 1"", ""I'm sorry, but I can't"", ""C wave 1""]",0;1;2;3;4;5,0;1;2;3;4;5|0;1;2;3;4;5,10,0.75,6.0,3.0,3.0,6.0,0.0,0.0,0.0,9.0,1.0,5.6,"{""+Inf"":9.0,""1"":9.0,""10"":9.0,""100"":9.0,""2"":9.0,""20"":9.0,""250"":9.0,""5"":9.0,""50"":9.0}",4113.210824999442,0.09387232175268775,-0.211874428381278,cuda/upstream;cuda/always;cpu/learned;cuda/rule;cpu/rule;cuda/learned;cpu/always;cpu/upstream,2,cuda/always,1000
cuda,rule,13,302.10607499975595,119.58277499979886,267.5435600011042,730.0931999998284,01d8f17b2a51b9e8149c4569c49c9c1043a37be1a6ab9c1855f5d0fe1bd0be6e;919cadbbbfc921cef1c7530228b78d679f0173d18c1b76ae3fdc5cd7489bbe21;b74ed76e54491fe1515172404b915cf994859850821b955d8dc6d0da2fda9bfb;9e143aab4a8501513a1b536176c207d7492cc26e6185b87d4b6c30969b68f243;01d8f17b2a51b9e8149c4569c49c9c1043a37be1a6ab9c1855f5d0fe1bd0be6e;328d4e1100d6bd74ac6d258a23fdecbdc53b429e236e1a4454da71ea77cb67ec;01d8f17b2a51b9e8149c4569c49c9c1043a37be1a6ab9c1855f5d0fe1bd0be6e;eeffedc824c0f817a378c95fa81fc66204aaaaff6784b822db3b9fe0a57313df;b74ed76e54491fe1515172404b915cf994859850821b955d8dc6d0da2fda9bfb;427d1afe29cf63f0a4d5dcdba551d81bf6e492a4374d319b8032588abb5688f7;01d8f17b2a51b9e8149c4569c49c9c1043a37be1a6ab9c1855f5d0fe1bd0be6e;db799ba0f780cdbb46015db711696eb82b39d3ccdffd193851fdd4fddbab8aef,8;5;8;5;8;5;8;5;8;5;8;33,"[""I'm sorry, but I don't"", ""A wave 0"", ""I'm sorry, but I can't"", ""B wave 0"", ""I'm sorry, but I don't"", ""C wave 0"", ""I'm sorry, but I don't"", ""A wave 1"", ""I'm sorry, but I can't"", ""B wave 1"", ""I'm sorry, but I don't"", ""C wave 1 is a deterministic algorithm used in shared production serving contexts to ensure that resources are allocated in a way that maximizes throughput and minimizes latency.""]",0;1;2;3;4;5,0;1;2;3;4;5|0;1;2;3;4;5,10,0.75,7.0,6.0,0.0,0.0,0.0,0.0,0.0,13.0,1.0,2.4,"{""+Inf"":13.0,""1"":13.0,""10"":13.0,""100"":13.0,""2"":13.0,""20"":13.0,""250"":13.0,""5"":13.0,""50"":13.0}",,,,cuda/upstream;cuda/always;cpu/learned;cuda/rule;cpu/rule;cuda/learned;cpu/always;cpu/upstream,3,cpu/learned,1000
cpu,rule,13,4332.083650000641,2299.9353250006607,4957.346225001128,8128.59329999992,b74ed76e54491fe1515172404b915cf994859850821b955d8dc6d0da2fda9bfb;919cadbbbfc921cef1c7530228b78d679f0173d18c1b76ae3fdc5cd7489bbe21;b74ed76e54491fe1515172404b915cf994859850821b955d8dc6d0da2fda9bfb;9e143aab4a8501513a1b536176c207d7492cc26e6185b87d4b6c30969b68f243;01d8f17b2a51b9e8149c4569c49c9c1043a37be1a6ab9c1855f5d0fe1bd0be6e;328d4e1100d6bd74ac6d258a23fdecbdc53b429e236e1a4454da71ea77cb67ec;01d8f17b2a51b9e8149c4569c49c9c1043a37be1a6ab9c1855f5d0fe1bd0be6e;eeffedc824c0f817a378c95fa81fc66204aaaaff6784b822db3b9fe0a57313df;b74ed76e54491fe1515172404b915cf994859850821b955d8dc6d0da2fda9bfb;427d1afe29cf63f0a4d5dcdba551d81bf6e492a4374d319b8032588abb5688f7;b74ed76e54491fe1515172404b915cf994859850821b955d8dc6d0da2fda9bfb;acf7afc3c247d0604e6d234424ae43aee7bafb1806169688ddccb1c50f53c874,8;5;8;5;8;5;8;5;8;5;8;5,"[""I'm sorry, but I can't"", ""A wave 0"", ""I'm sorry, but I can't"", ""B wave 0"", ""I'm sorry, but I don't"", ""C wave 0"", ""I'm sorry, but I don't"", ""A wave 1"", ""I'm sorry, but I can't"", ""B wave 1"", ""I'm sorry, but I can't"", ""C wave 1""]",0;1;2;3;4;5,0;1;2;3;4;5|0;1;2;3;4;5,10,0.75,6.0,2.0,0.0,0.0,0.0,0.0,0.0,8.0,1.0,2.7,"{""+Inf"":8.0,""1"":8.0,""10"":8.0,""100"":8.0,""2"":8.0,""20"":8.0,""250"":8.0,""5"":8.0,""50"":8.0}",,,,cuda/upstream;cuda/always;cpu/learned;cuda/rule;cpu/rule;cuda/learned;cpu/always;cpu/upstream,4,cuda/rule,1000
cuda,learned,13,256.24312500076485,106.003875001079,200.8988499990664,600.9569999987434,01d8f17b2a51b9e8149c4569c49c9c1043a37be1a6ab9c1855f5d0fe1bd0be6e;919cadbbbfc921cef1c7530228b78d679f0173d18c1b76ae3fdc5cd7489bbe21;b74ed76e54491fe1515172404b915cf994859850821b955d8dc6d0da2fda9bfb;9e143aab4a8501513a1b536176c207d7492cc26e6185b87d4b6c30969b68f243;b74ed76e54491fe1515172404b915cf994859850821b955d8dc6d0da2fda9bfb;328d4e1100d6bd74ac6d258a23fdecbdc53b429e236e1a4454da71ea77cb67ec;01d8f17b2a51b9e8149c4569c49c9c1043a37be1a6ab9c1855f5d0fe1bd0be6e;eeffedc824c0f817a378c95fa81fc66204aaaaff6784b822db3b9fe0a57313df;b74ed76e54491fe1515172404b915cf994859850821b955d8dc6d0da2fda9bfb;427d1afe29cf63f0a4d5dcdba551d81bf6e492a4374d319b8032588abb5688f7;01d8f17b2a51b9e8149c4569c49c9c1043a37be1a6ab9c1855f5d0fe1bd0be6e;db799ba0f780cdbb46015db711696eb82b39d3ccdffd193851fdd4fddbab8aef,8;5;8;5;8;5;8;5;8;5;8;33,"[""I'm sorry, but I don't"", ""A wave 0"", ""I'm sorry, but I can't"", ""B wave 0"", ""I'm sorry, but I can't"", ""C wave 0"", ""I'm sorry, but I don't"", ""A wave 1"", ""I'm sorry, but I can't"", ""B wave 1"", ""I'm sorry, but I don't"", ""C wave 1 is a deterministic algorithm used in shared production serving contexts to ensure that resources are allocated in a way that maximizes throughput and minimizes latency.""]",0;1;2;3;4;5,0;1;2;3;4;5|0;1;2;3;4;5,10,0.75,9.0,0.0,0.0,3.0,0.0,0.0,0.0,9.0,1.0,3.0,"{""+Inf"":9.0,""1"":9.0,""10"":9.0,""100"":9.0,""2"":9.0,""20"":9.0,""250"":9.0,""5"":9.0,""50"":9.0}",264.483349998045,-0.03115593097766296,-0.03115593097766296,cuda/upstream;cuda/always;cpu/learned;cuda/rule;cpu/rule;cuda/learned;cpu/always;cpu/upstream,5,cpu/rule,1000
cpu,always,13,4113.210824999442,1931.413174998852,4856.548054999439,8727.19060000236,01d8f17b2a51b9e8149c4569c49c9c1043a37be1a6ab9c1855f5d0fe1bd0be6e;919cadbbbfc921cef1c7530228b78d679f0173d18c1b76ae3fdc5cd7489bbe21;b74ed76e54491fe1515172404b915cf994859850821b955d8dc6d0da2fda9bfb;9e143aab4a8501513a1b536176c207d7492cc26e6185b87d4b6c30969b68f243;01d8f17b2a51b9e8149c4569c49c9c1043a37be1a6ab9c1855f5d0fe1bd0be6e;328d4e1100d6bd74ac6d258a23fdecbdc53b429e236e1a4454da71ea77cb67ec;01d8f17b2a51b9e8149c4569c49c9c1043a37be1a6ab9c1855f5d0fe1bd0be6e;eeffedc824c0f817a378c95fa81fc66204aaaaff6784b822db3b9fe0a57313df;b74ed76e54491fe1515172404b915cf994859850821b955d8dc6d0da2fda9bfb;427d1afe29cf63f0a4d5dcdba551d81bf6e492a4374d319b8032588abb5688f7;01d8f17b2a51b9e8149c4569c49c9c1043a37be1a6ab9c1855f5d0fe1bd0be6e;acf7afc3c247d0604e6d234424ae43aee7bafb1806169688ddccb1c50f53c874,8;5;8;5;8;5;8;5;8;5;8;5,"[""I'm sorry, but I don't"", ""A wave 0"", ""I'm sorry, but I can't"", ""B wave 0"", ""I'm sorry, but I don't"", ""C wave 0"", ""I'm sorry, but I don't"", ""A wave 1"", ""I'm sorry, but I can't"", ""B wave 1"", ""I'm sorry, but I don't"", ""C wave 1""]",0;1;2;3;4;5,0;1;2;3;4;5|0;1;2;3;4;5,10,0.75,0.0,27.0,0.0,0.0,0.0,0.0,0.0,27.0,2.0,7.7,"{""+Inf"":27.0,""1"":26.0,""10"":27.0,""100"":27.0,""2"":27.0,""20"":27.0,""250"":27.0,""5"":27.0,""50"":27.0}",,,,cuda/upstream;cuda/always;cpu/learned;cuda/rule;cpu/rule;cuda/learned;cpu/always;cpu/upstream,6,cuda/learned,1000
cpu,upstream,13,5708.896700000878,3707.2364250007013,5609.752669999034,8006.6411000007065,b74ed76e54491fe1515172404b915cf994859850821b955d8dc6d0da2fda9bfb;919cadbbbfc921cef1c7530228b78d679f0173d18c1b76ae3fdc5cd7489bbe21;b74ed76e54491fe1515172404b915cf994859850821b955d8dc6d0da2fda9bfb;9e143aab4a8501513a1b536176c207d7492cc26e6185b87d4b6c30969b68f243;01d8f17b2a51b9e8149c4569c49c9c1043a37be1a6ab9c1855f5d0fe1bd0be6e;328d4e1100d6bd74ac6d258a23fdecbdc53b429e236e1a4454da71ea77cb67ec;01d8f17b2a51b9e8149c4569c49c9c1043a37be1a6ab9c1855f5d0fe1bd0be6e;eeffedc824c0f817a378c95fa81fc66204aaaaff6784b822db3b9fe0a57313df;b74ed76e54491fe1515172404b915cf994859850821b955d8dc6d0da2fda9bfb;427d1afe29cf63f0a4d5dcdba551d81bf6e492a4374d319b8032588abb5688f7;01d8f17b2a51b9e8149c4569c49c9c1043a37be1a6ab9c1855f5d0fe1bd0be6e;acf7afc3c247d0604e6d234424ae43aee7bafb1806169688ddccb1c50f53c874,8;5;8;5;8;5;8;5;8;5;8;5,"[""I'm sorry, but I can't"", ""A wave 0"", ""I'm sorry, but I can't"", ""B wave 0"", ""I'm sorry, but I don't"", ""C wave 0"", ""I'm sorry, but I don't"", ""A wave 1"", ""I'm sorry, but I can't"", ""B wave 1"", ""I'm sorry, but I don't"", ""C wave 1""]",0;1;2;3;4;5,0;1;2;3;4;5|0;1;2;3;4;5,10,0.75,0.0,0.0,0.0,0.0,0.0,0.0,0.0,0.0,0.0,0.0,"{""+Inf"":0.0,""1"":0.0,""10"":0.0,""100"":0.0,""2"":0.0,""20"":0.0,""250"":0.0,""5"":0.0,""50"":0.0}",,,,cuda/upstream;cuda/always;cpu/learned;cuda/rule;cpu/rule;cuda/learned;cpu/always;cpu/upstream,7,cpu/always,1000
cuda,always,14,298.30282499915484,132.01277499956632,304.6049900000071,665.1601999983541,01d8f17b2a51b9e8149c4569c49c9c1043a37be1a6ab9c1855f5d0fe1bd0be6e;919cadbbbfc921cef1c7530228b78d679f0173d18c1b76ae3fdc5cd7489bbe21;b74ed76e54491fe1515172404b915cf994859850821b955d8dc6d0da2fda9bfb;9e143aab4a8501513a1b536176c207d7492cc26e6185b87d4b6c30969b68f243;b74ed76e54491fe1515172404b915cf994859850821b955d8dc6d0da2fda9bfb;328d4e1100d6bd74ac6d258a23fdecbdc53b429e236e1a4454da71ea77cb67ec;01d8f17b2a51b9e8149c4569c49c9c1043a37be1a6ab9c1855f5d0fe1bd0be6e;eeffedc824c0f817a378c95fa81fc66204aaaaff6784b822db3b9fe0a57313df;b74ed76e54491fe1515172404b915cf994859850821b955d8dc6d0da2fda9bfb;427d1afe29cf63f0a4d5dcdba551d81bf6e492a4374d319b8032588abb5688f7;b74ed76e54491fe1515172404b915cf994859850821b955d8dc6d0da2fda9bfb;acf7afc3c247d0604e6d234424ae43aee7bafb1806169688ddccb1c50f53c874,8;5;8;5;8;5;8;5;8;5;8;5,"[""I'm sorry, but I don't"", ""A wave 0"", ""I'm sorry, but I can't"", ""B wave 0"", ""I'm sorry, but I can't"", ""C wave 0"", ""I'm sorry, but I don't"", ""A wave 1"", ""I'm sorry, but I can't"", ""B wave 1"", ""I'm sorry, but I can't"", ""C wave 1""]",0;1;2;3;4;5,0;1;2;3;4;5|0;1;2;3;4;5,10,0.9166666666666666,0.0,18.0,0.0,0.0,0.0,0.0,0.0,18.0,2.0,5.4,"{""+Inf"":18.0,""1"":16.0,""10"":18.0,""100"":18.0,""2"":18.0,""20"":18.0,""250"":18.0,""5"":18.0,""50"":18.0}",,,,cuda/always;cuda/rule;cuda/upstream;cuda/learned;cpu/learned;cpu/upstream;cpu/rule;cpu/always,0,trial_washout,1000
cuda,rule,14,239.17700000129116,99.7985250014608,238.00558499879116,557.5138999993214,01d8f17b2a51b9e8149c4569c49c9c1043a37be1a6ab9c1855f5d0fe1bd0be6e;919cadbbbfc921cef1c7530228b78d679f0173d18c1b76ae3fdc5cd7489bbe21;b74ed76e54491fe1515172404b915cf994859850821b955d8dc6d0da2fda9bfb;9e143aab4a8501513a1b536176c207d7492cc26e6185b87d4b6c30969b68f243;b74ed76e54491fe1515172404b915cf994859850821b955d8dc6d0da2fda9bfb;328d4e1100d6bd74ac6d258a23fdecbdc53b429e236e1a4454da71ea77cb67ec;01d8f17b2a51b9e8149c4569c49c9c1043a37be1a6ab9c1855f5d0fe1bd0be6e;eeffedc824c0f817a378c95fa81fc66204aaaaff6784b822db3b9fe0a57313df;b74ed76e54491fe1515172404b915cf994859850821b955d8dc6d0da2fda9bfb;427d1afe29cf63f0a4d5dcdba551d81bf6e492a4374d319b8032588abb5688f7;01d8f17b2a51b9e8149c4569c49c9c1043a37be1a6ab9c1855f5d0fe1bd0be6e;acf7afc3c247d0604e6d234424ae43aee7bafb1806169688ddccb1c50f53c874,8;5;8;5;8;5;8;5;8;5;8;5,"[""I'm sorry, but I don't"", ""A wave 0"", ""I'm sorry, but I can't"", ""B wave 0"", ""I'm sorry, but I can't"", ""C wave 0"", ""I'm sorry, but I don't"", ""A wave 1"", ""I'm sorry, but I can't"", ""B wave 1"", ""I'm sorry, but I don't"", ""C wave 1""]",0;1;2;3;4;5,0;1;2;3;4;5|0;1;2;3;4;5,10,0.9166666666666666,8.0,3.0,0.0,0.0,0.0,0.0,0.0,11.0,1.0,2.3,"{""+Inf"":11.0,""1"":11.0,""10"":11.0,""100"":11.0,""2"":11.0,""20"":11.0,""250"":11.0,""5"":11.0,""50"":11.0}",,,,cuda/always;cuda/rule;cuda/upstream;cuda/learned;cpu/learned;cpu/upstream;cpu/rule;cpu/always,1,cuda/always,1000
cuda,upstream,14,233.9997749977556,108.02129999774479,198.57410000131492,503.9139000000432,01d8f17b2a51b9e8149c4569c49c9c1043a37be1a6ab9c1855f5d0fe1bd0be6e;919cadbbbfc921cef1c7530228b78d679f0173d18c1b76ae3fdc5cd7489bbe21;b74ed76e54491fe1515172404b915cf994859850821b955d8dc6d0da2fda9bfb;9e143aab4a8501513a1b536176c207d7492cc26e6185b87d4b6c30969b68f243;b74ed76e54491fe1515172404b915cf994859850821b955d8dc6d0da2fda9bfb;328d4e1100d6bd74ac6d258a23fdecbdc53b429e236e1a4454da71ea77cb67ec;01d8f17b2a51b9e8149c4569c49c9c1043a37be1a6ab9c1855f5d0fe1bd0be6e;eeffedc824c0f817a378c95fa81fc66204aaaaff6784b822db3b9fe0a57313df;b74ed76e54491fe1515172404b915cf994859850821b955d8dc6d0da2fda9bfb;427d1afe29cf63f0a4d5dcdba551d81bf6e492a4374d319b8032588abb5688f7;b74ed76e54491fe1515172404b915cf994859850821b955d8dc6d0da2fda9bfb;acf7afc3c247d0604e6d234424ae43aee7bafb1806169688ddccb1c50f53c874,8;5;8;5;8;5;8;5;8;5;8;5,"[""I'm sorry, but I don't"", ""A wave 0"", ""I'm sorry, but I can't"", ""B wave 0"", ""I'm sorry, but I can't"", ""C wave 0"", ""I'm sorry, but I don't"", ""A wave 1"", ""I'm sorry, but I can't"", ""B wave 1"", ""I'm sorry, but I can't"", ""C wave 1""]",0;1;2;3;4;5,0;1;2;3;4;5|0;1;2;3;4;5,10,0.9166666666666666,8.0,0.0,0.0,0.0,0.0,0.0,0.0,8.0,1.0,1.2,"{""+Inf"":8.0,""1"":8.0,""10"":8.0,""100"":8.0,""2"":8.0,""20"":8.0,""250"":8.0,""5"":8.0,""50"":8.0}",,,,cuda/always;cuda/rule;cuda/upstream;cuda/learned;cpu/learned;cpu/upstream;cpu/rule;cpu/always,2,cuda/rule,1000
cuda,learned,14,280.4647249968184,134.96389999727398,264.8630449988559,582.0032999981777,01d8f17b2a51b9e8149c4569c49c9c1043a37be1a6ab9c1855f5d0fe1bd0be6e;919cadbbbfc921cef1c7530228b78d679f0173d18c1b76ae3fdc5cd7489bbe21;b74ed76e54491fe1515172404b915cf994859850821b955d8dc6d0da2fda9bfb;9e143aab4a8501513a1b536176c207d7492cc26e6185b87d4b6c30969b68f243;b74ed76e54491fe1515172404b915cf994859850821b955d8dc6d0da2fda9bfb;328d4e1100d6bd74ac6d258a23fdecbdc53b429e236e1a4454da71ea77cb67ec;01d8f17b2a51b9e8149c4569c49c9c1043a37be1a6ab9c1855f5d0fe1bd0be6e;eeffedc824c0f817a378c95fa81fc66204aaaaff6784b822db3b9fe0a57313df;b74ed76e54491fe1515172404b915cf994859850821b955d8dc6d0da2fda9bfb;427d1afe29cf63f0a4d5dcdba551d81bf6e492a4374d319b8032588abb5688f7;b74ed76e54491fe1515172404b915cf994859850821b955d8dc6d0da2fda9bfb;acf7afc3c247d0604e6d234424ae43aee7bafb1806169688ddccb1c50f53c874,8;5;8;5;8;5;8;5;8;5;8;5,"[""I'm sorry, but I don't"", ""A wave 0"", ""I'm sorry, but I can't"", ""B wave 0"", ""I'm sorry, but I can't"", ""C wave 0"", ""I'm sorry, but I don't"", ""A wave 1"", ""I'm sorry, but I can't"", ""B wave 1"", ""I'm sorry, but I can't"", ""C wave 1""]",0;1;2;3;4;5,0;1;2;3;4;5|0;1;2;3;4;5,10,0.9166666666666666,10.0,0.0,0.0,6.0,0.0,0.0,0.0,10.0,1.0,3.1,"{""+Inf"":10.0,""1"":10.0,""10"":10.0,""100"":10.0,""2"":10.0,""20"":10.0,""250"":10.0,""5"":10.0,""50"":10.0}",233.9997749977556,0.19856835332217085,0.19856835332217085,cuda/always;cuda/rule;cuda/upstream;cuda/learned;cpu/learned;cpu/upstream;cpu/rule;cpu/always,3,cuda/upstream,1000
cpu,learned,14,4153.797374999158,2170.4456999987087,4796.502750000034,7933.406700001797,b74ed76e54491fe1515172404b915cf994859850821b955d8dc6d0da2fda9bfb;919cadbbbfc921cef1c7530228b78d679f0173d18c1b76ae3fdc5cd7489bbe21;01d8f17b2a51b9e8149c4569c49c9c1043a37be1a6ab9c1855f5d0fe1bd0be6e;9e143aab4a8501513a1b536176c207d7492cc26e6185b87d4b6c30969b68f243;01d8f17b2a51b9e8149c4569c49c9c1043a37be1a6ab9c1855f5d0fe1bd0be6e;328d4e1100d6bd74ac6d258a23fdecbdc53b429e236e1a4454da71ea77cb67ec;01d8f17b2a51b9e8149c4569c49c9c1043a37be1a6ab9c1855f5d0fe1bd0be6e;eeffedc824c0f817a378c95fa81fc66204aaaaff6784b822db3b9fe0a57313df;b74ed76e54491fe1515172404b915cf994859850821b955d8dc6d0da2fda9bfb;427d1afe29cf63f0a4d5dcdba551d81bf6e492a4374d319b8032588abb5688f7;b74ed76e54491fe1515172404b915cf994859850821b955d8dc6d0da2fda9bfb;acf7afc3c247d0604e6d234424ae43aee7bafb1806169688ddccb1c50f53c874,8;5;8;5;8;5;8;5;8;5;8;5,"[""I'm sorry, but I can't"", ""A wave 0"", ""I'm sorry, but I don't"", ""B wave 0"", ""I'm sorry, but I don't"", ""C wave 0"", ""I'm sorry, but I don't"", ""A wave 1"", ""I'm sorry, but I can't"", ""B wave 1"", ""I'm sorry, but I can't"", ""C wave 1""]",0;1;2;3;4;5,0;1;2;3;4;5|0;1;2;3;4;5,10,0.6666666666666666,6.0,3.0,3.0,6.0,0.0,0.0,0.0,9.0,1.0,4.4,"{""+Inf"":9.0,""1"":9.0,""10"":9.0,""100"":9.0,""2"":9.0,""20"":9.0,""250"":9.0,""5"":9.0,""50"":9.0}",4002.7368500013836,0.03773930954210045,-0.24016464024515521,cuda/always;cuda/rule;cuda/upstream;cuda/learned;cpu/learned;cpu/upstream;cpu/rule;cpu/always,4,cuda/learned,1000
cpu,upstream,14,5466.707125000539,3581.1825250002585,4444.55444999985,7542.098400001123,01d8f17b2a51b9e8149c4569c49c9c1043a37be1a6ab9c1855f5d0fe1bd0be6e;919cadbbbfc921cef1c7530228b78d679f0173d18c1b76ae3fdc5cd7489bbe21;b74ed76e54491fe1515172404b915cf994859850821b955d8dc6d0da2fda9bfb;9e143aab4a8501513a1b536176c207d7492cc26e6185b87d4b6c30969b68f243;01d8f17b2a51b9e8149c4569c49c9c1043a37be1a6ab9c1855f5d0fe1bd0be6e;328d4e1100d6bd74ac6d258a23fdecbdc53b429e236e1a4454da71ea77cb67ec;01d8f17b2a51b9e8149c4569c49c9c1043a37be1a6ab9c1855f5d0fe1bd0be6e;eeffedc824c0f817a378c95fa81fc66204aaaaff6784b822db3b9fe0a57313df;b74ed76e54491fe1515172404b915cf994859850821b955d8dc6d0da2fda9bfb;427d1afe29cf63f0a4d5dcdba551d81bf6e492a4374d319b8032588abb5688f7;01d8f17b2a51b9e8149c4569c49c9c1043a37be1a6ab9c1855f5d0fe1bd0be6e;acf7afc3c247d0604e6d234424ae43aee7bafb1806169688ddccb1c50f53c874,8;5;8;5;8;5;8;5;8;5;8;5,"[""I'm sorry, but I don't"", ""A wave 0"", ""I'm sorry, but I can't"", ""B wave 0"", ""I'm sorry, but I don't"", ""C wave 0"", ""I'm sorry, but I don't"", ""A wave 1"", ""I'm sorry, but I can't"", ""B wave 1"", ""I'm sorry, but I don't"", ""C wave 1""]",0;1;2;3;4;5,0;1;2;3;4;5|0;1;2;3;4;5,10,0.6666666666666666,0.0,0.0,0.0,0.0,0.0,0.0,0.0,0.0,0.0,0.0,"{""+Inf"":0.0,""1"":0.0,""10"":0.0,""100"":0.0,""2"":0.0,""20"":0.0,""250"":0.0,""5"":0.0,""50"":0.0}",,,,cuda/always;cuda/rule;cuda/upstream;cuda/learned;cpu/learned;cpu/upstream;cpu/rule;cpu/always,5,cpu/learned,1000
cpu,rule,14,4289.270700002817,2294.9996500028647,4831.701039999461,7977.084199999808,b74ed76e54491fe1515172404b915cf994859850821b955d8dc6d0da2fda9bfb;919cadbbbfc921cef1c7530228b78d679f0173d18c1b76ae3fdc5cd7489bbe21;01d8f17b2a51b9e8149c4569c49c9c1043a37be1a6ab9c1855f5d0fe1bd0be6e;9e143aab4a8501513a1b536176c207d7492cc26e6185b87d4b6c30969b68f243;b74ed76e54491fe1515172404b915cf994859850821b955d8dc6d0da2fda9bfb;328d4e1100d6bd74ac6d258a23fdecbdc53b429e236e1a4454da71ea77cb67ec;01d8f17b2a51b9e8149c4569c49c9c1043a37be1a6ab9c1855f5d0fe1bd0be6e;eeffedc824c0f817a378c95fa81fc66204aaaaff6784b822db3b9fe0a57313df;b74ed76e54491fe1515172404b915cf994859850821b955d8dc6d0da2fda9bfb;427d1afe29cf63f0a4d5dcdba551d81bf6e492a4374d319b8032588abb5688f7;b74ed76e54491fe1515172404b915cf994859850821b955d8dc6d0da2fda9bfb;acf7afc3c247d0604e6d234424ae43aee7bafb1806169688ddccb1c50f53c874,8;5;8;5;8;5;8;5;8;5;8;5,"[""I'm sorry, but I can't"", ""A wave 0"", ""I'm sorry, but I don't"", ""B wave 0"", ""I'm sorry, but I can't"", ""C wave 0"", ""I'm sorry, but I don't"", ""A wave 1"", ""I'm sorry, but I can't"", ""B wave 1"", ""I'm sorry, but I can't"", ""C wave 1""]",0;1;2;3;4;5,0;1;2;3;4;5|0;1;2;3;4;5,10,0.6666666666666666,6.0,2.0,0.0,0.0,0.0,0.0,0.0,8.0,2.0,3.4,"{""+Inf"":8.0,""1"":7.0,""10"":8.0,""100"":8.0,""2"":8.0,""20"":8.0,""250"":8.0,""5"":8.0,""50"":8.0}",,,,cuda/always;cuda/rule;cuda/upstream;cuda/learned;cpu/learned;cpu/upstream;cpu/rule;cpu/always,6,cpu/upstream,1000
cpu,always,14,4002.7368500013836,1881.2328750018423,4731.874790000256,8486.015899998165,01d8f17b2a51b9e8149c4569c49c9c1043a37be1a6ab9c1855f5d0fe1bd0be6e;919cadbbbfc921cef1c7530228b78d679f0173d18c1b76ae3fdc5cd7489bbe21;b74ed76e54491fe1515172404b915cf994859850821b955d8dc6d0da2fda9bfb;9e143aab4a8501513a1b536176c207d7492cc26e6185b87d4b6c30969b68f243;01d8f17b2a51b9e8149c4569c49c9c1043a37be1a6ab9c1855f5d0fe1bd0be6e;328d4e1100d6bd74ac6d258a23fdecbdc53b429e236e1a4454da71ea77cb67ec;01d8f17b2a51b9e8149c4569c49c9c1043a37be1a6ab9c1855f5d0fe1bd0be6e;eeffedc824c0f817a378c95fa81fc66204aaaaff6784b822db3b9fe0a57313df;b74ed76e54491fe1515172404b915cf994859850821b955d8dc6d0da2fda9bfb;427d1afe29cf63f0a4d5dcdba551d81bf6e492a4374d319b8032588abb5688f7;01d8f17b2a51b9e8149c4569c49c9c1043a37be1a6ab9c1855f5d0fe1bd0be6e;acf7afc3c247d0604e6d234424ae43aee7bafb1806169688ddccb1c50f53c874,8;5;8;5;8;5;8;5;8;5;8;5,"[""I'm sorry, but I don't"", ""A wave 0"", ""I'm sorry, but I can't"", ""B wave 0"", ""I'm sorry, but I don't"", ""C wave 0"", ""I'm sorry, but I don't"", ""A wave 1"", ""I'm sorry, but I can't"", ""B wave 1"", ""I'm sorry, but I don't"", ""C wave 1""]",0;1;2;3;4;5,0;1;2;3;4;5|0;1;2;3;4;5,10,0.6666666666666666,0.0,27.0,0.0,0.0,0.0,0.0,0.0,27.0,1.0,5.7,"{""+Inf"":27.0,""1"":27.0,""10"":27.0,""100"":27.0,""2"":27.0,""20"":27.0,""250"":27.0,""5"":27.0,""50"":27.0}",,,,cuda/always;cuda/rule;cuda/upstream;cuda/learned;cpu/learned;cpu/upstream;cpu/rule;cpu/always,7,cpu/rule,1000
cuda,rule,15,260.02647500172316,114.16007500156411,242.12830000087703,583.4656000006362,01d8f17b2a51b9e8149c4569c49c9c1043a37be1a6ab9c1855f5d0fe1bd0be6e;919cadbbbfc921cef1c7530228b78d679f0173d18c1b76ae3fdc5cd7489bbe21;b74ed76e54491fe1515172404b915cf994859850821b955d8dc6d0da2fda9bfb;9e143aab4a8501513a1b536176c207d7492cc26e6185b87d4b6c30969b68f243;01d8f17b2a51b9e8149c4569c49c9c1043a37be1a6ab9c1855f5d0fe1bd0be6e;328d4e1100d6bd74ac6d258a23fdecbdc53b429e236e1a4454da71ea77cb67ec;01d8f17b2a51b9e8149c4569c49c9c1043a37be1a6ab9c1855f5d0fe1bd0be6e;eeffedc824c0f817a378c95fa81fc66204aaaaff6784b822db3b9fe0a57313df;b74ed76e54491fe1515172404b915cf994859850821b955d8dc6d0da2fda9bfb;427d1afe29cf63f0a4d5dcdba551d81bf6e492a4374d319b8032588abb5688f7;01d8f17b2a51b9e8149c4569c49c9c1043a37be1a6ab9c1855f5d0fe1bd0be6e;acf7afc3c247d0604e6d234424ae43aee7bafb1806169688ddccb1c50f53c874,8;5;8;5;8;5;8;5;8;5;8;5,"[""I'm sorry, but I don't"", ""A wave 0"", ""I'm sorry, but I can't"", ""B wave 0"", ""I'm sorry, but I don't"", ""C wave 0"", ""I'm sorry, but I don't"", ""A wave 1"", ""I'm sorry, but I can't"", ""B wave 1"", ""I'm sorry, but I don't"", ""C wave 1""]",0;1;2;3;4;5,0;1;2;3;4;5|0;1;2;3;4;5,10,0.75,8.0,3.0,0.0,0.0,0.0,0.0,0.0,11.0,1.0,2.1,"{""+Inf"":11.0,""1"":11.0,""10"":11.0,""100"":11.0,""2"":11.0,""20"":11.0,""250"":11.0,""5"":11.0,""50"":11.0}",,,,cuda/rule;cuda/learned;cuda/always;cpu/upstream;cuda/upstream;cpu/always;cpu/learned;cpu/rule,0,trial_washout,1000
cuda,learned,15,263.45519999995304,126.28385000061826,220.34700499789324,548.6853999973391,01d8f17b2a51b9e8149c4569c49c9c1043a37be1a6ab9c1855f5d0fe1bd0be6e;919cadbbbfc921cef1c7530228b78d679f0173d18c1b76ae3fdc5cd7489bbe21;b74ed76e54491fe1515172404b915cf994859850821b955d8dc6d0da2fda9bfb;9e143aab4a8501513a1b536176c207d7492cc26e6185b87d4b6c30969b68f243;b74ed76e54491fe1515172404b915cf994859850821b955d8dc6d0da2fda9bfb;328d4e1100d6bd74ac6d258a23fdecbdc53b429e236e1a4454da71ea77cb67ec;01d8f17b2a51b9e8149c4569c49c9c1043a37be1a6ab9c1855f5d0fe1bd0be6e;eeffedc824c0f817a378c95fa81fc66204aaaaff6784b822db3b9fe0a57313df;b74ed76e54491fe1515172404b915cf994859850821b955d8dc6d0da2fda9bfb;427d1afe29cf63f0a4d5dcdba551d81bf6e492a4374d319b8032588abb5688f7;b74ed76e54491fe1515172404b915cf994859850821b955d8dc6d0da2fda9bfb;acf7afc3c247d0604e6d234424ae43aee7bafb1806169688ddccb1c50f53c874,8;5;8;5;8;5;8;5;8;5;8;5,"[""I'm sorry, but I don't"", ""A wave 0"", ""I'm sorry, but I can't"", ""B wave 0"", ""I'm sorry, but I can't"", ""C wave 0"", ""I'm sorry, but I don't"", ""A wave 1"", ""I'm sorry, but I can't"", ""B wave 1"", ""I'm sorry, but I can't"", ""C wave 1""]",0;1;2;3;4;5,0;1;2;3;4;5|0;1;2;3;4;5,10,0.75,9.0,0.0,0.0,4.0,0.0,0.0,0.0,9.0,1.0,2.4,"{""+Inf"":9.0,""1"":9.0,""10"":9.0,""100"":9.0,""2"":9.0,""20"":9.0,""250"":9.0,""5"":9.0,""50"":9.0}",252.27195000115898,0.04433013657976115,0.04433013657976115,cuda/rule;cuda/learned;cuda/always;cpu/upstream;cuda/upstream;cpu/always;cpu/learned;cpu/rule,1,cuda/rule,1000
cuda,always,15,280.0402250004481,117.54800000107934,301.7868399996587,649.9688999974751,01d8f17b2a51b9e8149c4569c49c9c1043a37be1a6ab9c1855f5d0fe1bd0be6e;919cadbbbfc921cef1c7530228b78d679f0173d18c1b76ae3fdc5cd7489bbe21;01d8f17b2a51b9e8149c4569c49c9c1043a37be1a6ab9c1855f5d0fe1bd0be6e;9e143aab4a8501513a1b536176c207d7492cc26e6185b87d4b6c30969b68f243;b74ed76e54491fe1515172404b915cf994859850821b955d8dc6d0da2fda9bfb;328d4e1100d6bd74ac6d258a23fdecbdc53b429e236e1a4454da71ea77cb67ec;01d8f17b2a51b9e8149c4569c49c9c1043a37be1a6ab9c1855f5d0fe1bd0be6e;eeffedc824c0f817a378c95fa81fc66204aaaaff6784b822db3b9fe0a57313df;b74ed76e54491fe1515172404b915cf994859850821b955d8dc6d0da2fda9bfb;427d1afe29cf63f0a4d5dcdba551d81bf6e492a4374d319b8032588abb5688f7;b74ed76e54491fe1515172404b915cf994859850821b955d8dc6d0da2fda9bfb;acf7afc3c247d0604e6d234424ae43aee7bafb1806169688ddccb1c50f53c874,8;5;8;5;8;5;8;5;8;5;8;5,"[""I'm sorry, but I don't"", ""A wave 0"", ""I'm sorry, but I don't"", ""B wave 0"", ""I'm sorry, but I can't"", ""C wave 0"", ""I'm sorry, but I don't"", ""A wave 1"", ""I'm sorry, but I can't"", ""B wave 1"", ""I'm sorry, but I can't"", ""C wave 1""]",0;1;2;3;4;5,0;1;2;3;4;5|0;1;2;3;4;5,10,0.75,0.0,21.0,0.0,0.0,0.0,0.0,0.0,21.0,1.0,4.5,"{""+Inf"":21.0,""1"":21.0,""10"":21.0,""100"":21.0,""2"":21.0,""20"":21.0,""250"":21.0,""5"":21.0,""50"":21.0}",,,,cuda/rule;cuda/learned;cuda/always;cpu/upstream;cuda/upstream;cpu/always;cpu/learned;cpu/rule,2,cuda/learned,1000
cpu,upstream,15,5442.575575002593,3521.3269500018214,5314.926970000852,7684.994500003086,b74ed76e54491fe1515172404b915cf994859850821b955d8dc6d0da2fda9bfb;919cadbbbfc921cef1c7530228b78d679f0173d18c1b76ae3fdc5cd7489bbe21;b74ed76e54491fe1515172404b915cf994859850821b955d8dc6d0da2fda9bfb;9e143aab4a8501513a1b536176c207d7492cc26e6185b87d4b6c30969b68f243;b74ed76e54491fe1515172404b915cf994859850821b955d8dc6d0da2fda9bfb;328d4e1100d6bd74ac6d258a23fdecbdc53b429e236e1a4454da71ea77cb67ec;01d8f17b2a51b9e8149c4569c49c9c1043a37be1a6ab9c1855f5d0fe1bd0be6e;eeffedc824c0f817a378c95fa81fc66204aaaaff6784b822db3b9fe0a57313df;b74ed76e54491fe1515172404b915cf994859850821b955d8dc6d0da2fda9bfb;427d1afe29cf63f0a4d5dcdba551d81bf6e492a4374d319b8032588abb5688f7;01d8f17b2a51b9e8149c4569c49c9c1043a37be1a6ab9c1855f5d0fe1bd0be6e;acf7afc3c247d0604e6d234424ae43aee7bafb1806169688ddccb1c50f53c874,8;5;8;5;8;5;8;5;8;5;8;5,"[""I'm sorry, but I can't"", ""A wave 0"", ""I'm sorry, but I can't"", ""B wave 0"", ""I'm sorry, but I can't"", ""C wave 0"", ""I'm sorry, but I don't"", ""A wave 1"", ""I'm sorry, but I can't"", ""B wave 1"", ""I'm sorry, but I don't"", ""C wave 1""]",0;1;2;3;4;5,0;1;2;3;4;5|0;1;2;3;4;5,10,0.6666666666666666,0.0,0.0,0.0,0.0,0.0,0.0,0.0,0.0,0.0,0.0,"{""+Inf"":0.0,""1"":0.0,""10"":0.0,""100"":0.0,""2"":0.0,""20"":0.0,""250"":0.0,""5"":0.0,""50"":0.0}",,,,cuda/rule;cuda/learned;cuda/always;cpu/upstream;cuda/upstream;cpu/always;cpu/learned;cpu/rule,3,cuda/always,1000
cuda,upstream,15,252.27195000115898,118.11352500171779,224.3533299995761,536.6336999977648,01d8f17b2a51b9e8149c4569c49c9c1043a37be1a6ab9c1855f5d0fe1bd0be6e;919cadbbbfc921cef1c7530228b78d679f0173d18c1b76ae3fdc5cd7489bbe21;01d8f17b2a51b9e8149c4569c49c9c1043a37be1a6ab9c1855f5d0fe1bd0be6e;9e143aab4a8501513a1b536176c207d7492cc26e6185b87d4b6c30969b68f243;b74ed76e54491fe1515172404b915cf994859850821b955d8dc6d0da2fda9bfb;328d4e1100d6bd74ac6d258a23fdecbdc53b429e236e1a4454da71ea77cb67ec;01d8f17b2a51b9e8149c4569c49c9c1043a37be1a6ab9c1855f5d0fe1bd0be6e;eeffedc824c0f817a378c95fa81fc66204aaaaff6784b822db3b9fe0a57313df;b74ed76e54491fe1515172404b915cf994859850821b955d8dc6d0da2fda9bfb;427d1afe29cf63f0a4d5dcdba551d81bf6e492a4374d319b8032588abb5688f7;01d8f17b2a51b9e8149c4569c49c9c1043a37be1a6ab9c1855f5d0fe1bd0be6e;acf7afc3c247d0604e6d234424ae43aee7bafb1806169688ddccb1c50f53c874,8;5;8;5;8;5;8;5;8;5;8;5,"[""I'm sorry, but I don't"", ""A wave 0"", ""I'm sorry, but I don't"", ""B wave 0"", ""I'm sorry, but I can't"", ""C wave 0"", ""I'm sorry, but I don't"", ""A wave 1"", ""I'm sorry, but I can't"", ""B wave 1"", ""I'm sorry, but I don't"", ""C wave 1""]",0;1;2;3;4;5,0;1;2;3;4;5|0;1;2;3;4;5,10,0.75,9.0,0.0,0.0,0.0,0.0,0.0,0.0,9.0,1.0,1.8,"{""+Inf"":9.0,""1"":9.0,""10"":9.0,""100"":9.0,""2"":9.0,""20"":9.0,""250"":9.0,""5"":9.0,""50"":9.0}",,,,cuda/rule;cuda/learned;cuda/always;cpu/upstream;cuda/upstream;cpu/always;cpu/learned;cpu/rule,4,cpu/upstream,1000
cpu,always,15,4230.62205000042,2060.276850000264,4942.261289999806,8681.380800000625,01d8f17b2a51b9e8149c4569c49c9c1043a37be1a6ab9c1855f5d0fe1bd0be6e;919cadbbbfc921cef1c7530228b78d679f0173d18c1b76ae3fdc5cd7489bbe21;b74ed76e54491fe1515172404b915cf994859850821b955d8dc6d0da2fda9bfb;9e143aab4a8501513a1b536176c207d7492cc26e6185b87d4b6c30969b68f243;01d8f17b2a51b9e8149c4569c49c9c1043a37be1a6ab9c1855f5d0fe1bd0be6e;328d4e1100d6bd74ac6d258a23fdecbdc53b429e236e1a4454da71ea77cb67ec;01d8f17b2a51b9e8149c4569c49c9c1043a37be1a6ab9c1855f5d0fe1bd0be6e;eeffedc824c0f817a378c95fa81fc66204aaaaff6784b822db3b9fe0a57313df;b74ed76e54491fe1515172404b915cf994859850821b955d8dc6d0da2fda9bfb;427d1afe29cf63f0a4d5dcdba551d81bf6e492a4374d319b8032588abb5688f7;01d8f17b2a51b9e8149c4569c49c9c1043a37be1a6ab9c1855f5d0fe1bd0be6e;acf7afc3c247d0604e6d234424ae43aee7bafb1806169688ddccb1c50f53c874,8;5;8;5;8;5;8;5;8;5;8;5,"[""I'm sorry, but I don't"", ""A wave 0"", ""I'm sorry, but I can't"", ""B wave 0"", ""I'm sorry, but I don't"", ""C wave 0"", ""I'm sorry, but I don't"", ""A wave 1"", ""I'm sorry, but I can't"", ""B wave 1"", ""I'm sorry, but I don't"", ""C wave 1""]",0;1;2;3;4;5,0;1;2;3;4;5|0;1;2;3;4;5,10,0.6666666666666666,0.0,27.0,0.0,0.0,0.0,0.0,0.0,27.0,1.0,7.0,"{""+Inf"":27.0,""1"":27.0,""10"":27.0,""100"":27.0,""2"":27.0,""20"":27.0,""250"":27.0,""5"":27.0,""50"":27.0}",,,,cuda/rule;cuda/learned;cuda/always;cpu/upstream;cuda/upstream;cpu/always;cpu/learned;cpu/rule,5,cuda/upstream,1000
cpu,learned,15,4438.32307500179,2293.8123500016445,5031.760714999108,8578.042900000582,b74ed76e54491fe1515172404b915cf994859850821b955d8dc6d0da2fda9bfb;919cadbbbfc921cef1c7530228b78d679f0173d18c1b76ae3fdc5cd7489bbe21;01d8f17b2a51b9e8149c4569c49c9c1043a37be1a6ab9c1855f5d0fe1bd0be6e;9e143aab4a8501513a1b536176c207d7492cc26e6185b87d4b6c30969b68f243;01d8f17b2a51b9e8149c4569c49c9c1043a37be1a6ab9c1855f5d0fe1bd0be6e;328d4e1100d6bd74ac6d258a23fdecbdc53b429e236e1a4454da71ea77cb67ec;01d8f17b2a51b9e8149c4569c49c9c1043a37be1a6ab9c1855f5d0fe1bd0be6e;eeffedc824c0f817a378c95fa81fc66204aaaaff6784b822db3b9fe0a57313df;b74ed76e54491fe1515172404b915cf994859850821b955d8dc6d0da2fda9bfb;427d1afe29cf63f0a4d5dcdba551d81bf6e492a4374d319b8032588abb5688f7;01d8f17b2a51b9e8149c4569c49c9c1043a37be1a6ab9c1855f5d0fe1bd0be6e;acf7afc3c247d0604e6d234424ae43aee7bafb1806169688ddccb1c50f53c874,8;5;8;5;8;5;8;5;8;5;8;5,"[""I'm sorry, but I can't"", ""A wave 0"", ""I'm sorry, but I don't"", ""B wave 0"", ""I'm sorry, but I don't"", ""C wave 0"", ""I'm sorry, but I don't"", ""A wave 1"", ""I'm sorry, but I can't"", ""B wave 1"", ""I'm sorry, but I don't"", ""C wave 1""]",0;1;2;3;4;5,0;1;2;3;4;5|0;1;2;3;4;5,10,0.6666666666666666,6.0,2.0,2.0,6.0,0.0,0.0,0.0,8.0,1.0,3.8,"{""+Inf"":8.0,""1"":8.0,""10"":8.0,""100"":8.0,""2"":8.0,""20"":8.0,""250"":8.0,""5"":8.0,""50"":8.0}",3779.435724997711,0.1743348473017035,-0.18451787874352563,cuda/rule;cuda/learned;cuda/always;cpu/upstream;cuda/upstream;cpu/always;cpu/learned;cpu/rule,6,cpu/always,1000
cpu,rule,15,3779.435724997711,1664.7734499983926,6187.675510002009,8458.649099997274,01d8f17b2a51b9e8149c4569c49c9c1043a37be1a6ab9c1855f5d0fe1bd0be6e;919cadbbbfc921cef1c7530228b78d679f0173d18c1b76ae3fdc5cd7489bbe21;01d8f17b2a51b9e8149c4569c49c9c1043a37be1a6ab9c1855f5d0fe1bd0be6e;9e143aab4a8501513a1b536176c207d7492cc26e6185b87d4b6c30969b68f243;01d8f17b2a51b9e8149c4569c49c9c1043a37be1a6ab9c1855f5d0fe1bd0be6e;328d4e1100d6bd74ac6d258a23fdecbdc53b429e236e1a4454da71ea77cb67ec;01d8f17b2a51b9e8149c4569c49c9c1043a37be1a6ab9c1855f5d0fe1bd0be6e;eeffedc824c0f817a378c95fa81fc66204aaaaff6784b822db3b9fe0a57313df;b74ed76e54491fe1515172404b915cf994859850821b955d8dc6d0da2fda9bfb;427d1afe29cf63f0a4d5dcdba551d81bf6e492a4374d319b8032588abb5688f7;b74ed76e54491fe1515172404b915cf994859850821b955d8dc6d0da2fda9bfb;acf7afc3c247d0604e6d234424ae43aee7bafb1806169688ddccb1c50f53c874,8;5;8;5;8;5;8;5;8;5;8;5,"[""I'm sorry, but I don't"", ""A wave 0"", ""I'm sorry, but I don't"", ""B wave 0"", ""I'm sorry, but I don't"", ""C wave 0"", ""I'm sorry, but I don't"", ""A wave 1"", ""I'm sorry, but I can't"", ""B wave 1"", ""I'm sorry, but I can't"", ""C wave 1""]",0;1;2;3;4;5,0;1;2;3;4;5|0;1;2;3;4;5,10,0.6666666666666666,4.0,8.0,0.0,0.0,0.0,0.0,0.0,12.0,1.0,3.4,"{""+Inf"":12.0,""1"":12.0,""10"":12.0,""100"":12.0,""2"":12.0,""20"":12.0,""250"":12.0,""5"":12.0,""50"":12.0}",,,,cuda/rule;cuda/learned;cuda/always;cpu/upstream;cuda/upstream;cpu/always;cpu/learned;cpu/rule,7,cpu/learned,1000
cuda,learned,16,252.01930000002903,109.89722500016796,196.43971999867063,568.4882999994443,01d8f17b2a51b9e8149c4569c49c9c1043a37be1a6ab9c1855f5d0fe1bd0be6e;919cadbbbfc921cef1c7530228b78d679f0173d18c1b76ae3fdc5cd7489bbe21;b74ed76e54491fe1515172404b915cf994859850821b955d8dc6d0da2fda9bfb;9e143aab4a8501513a1b536176c207d7492cc26e6185b87d4b6c30969b68f243;01d8f17b2a51b9e8149c4569c49c9c1043a37be1a6ab9c1855f5d0fe1bd0be6e;328d4e1100d6bd74ac6d258a23fdecbdc53b429e236e1a4454da71ea77cb67ec;01d8f17b2a51b9e8149c4569c49c9c1043a37be1a6ab9c1855f5d0fe1bd0be6e;eeffedc824c0f817a378c95fa81fc66204aaaaff6784b822db3b9fe0a57313df;b74ed76e54491fe1515172404b915cf994859850821b955d8dc6d0da2fda9bfb;427d1afe29cf63f0a4d5dcdba551d81bf6e492a4374d319b8032588abb5688f7;01d8f17b2a51b9e8149c4569c49c9c1043a37be1a6ab9c1855f5d0fe1bd0be6e;acf7afc3c247d0604e6d234424ae43aee7bafb1806169688ddccb1c50f53c874,8;5;8;5;8;5;8;5;8;5;8;5,"[""I'm sorry, but I don't"", ""A wave 0"", ""I'm sorry, but I can't"", ""B wave 0"", ""I'm sorry, but I don't"", ""C wave 0"", ""I'm sorry, but I don't"", ""A wave 1"", ""I'm sorry, but I can't"", ""B wave 1"", ""I'm sorry, but I don't"", ""C wave 1""]",0;1;2;3;4;5,0;1;2;3;4;5|0;1;2;3;4;5,10,0.8333333333333334,8.0,0.0,0.0,4.0,0.0,0.0,0.0,8.0,1.0,2.6,"{""+Inf"":8.0,""1"":8.0,""10"":8.0,""100"":8.0,""2"":8.0,""20"":8.0,""250"":8.0,""5"":8.0,""50"":8.0}",257.7642000023843,-0.022287423941346935,-0.15742556721352935,cuda/learned;cpu/upstream;cuda/rule;cpu/always;cuda/always;cpu/rule;cuda/upstream;cpu/learned,0,trial_washout,1000
cpu,upstream,16,5758.5008500000185,3739.6697250005673,5565.54209999922,8075.324499997805,b74ed76e54491fe1515172404b915cf994859850821b955d8dc6d0da2fda9bfb;919cadbbbfc921cef1c7530228b78d679f0173d18c1b76ae3fdc5cd7489bbe21;b74ed76e54491fe1515172404b915cf994859850821b955d8dc6d0da2fda9bfb;9e143aab4a8501513a1b536176c207d7492cc26e6185b87d4b6c30969b68f243;b74ed76e54491fe1515172404b915cf994859850821b955d8dc6d0da2fda9bfb;328d4e1100d6bd74ac6d258a23fdecbdc53b429e236e1a4454da71ea77cb67ec;01d8f17b2a51b9e8149c4569c49c9c1043a37be1a6ab9c1855f5d0fe1bd0be6e;eeffedc824c0f817a378c95fa81fc66204aaaaff6784b822db3b9fe0a57313df;b74ed76e54491fe1515172404b915cf994859850821b955d8dc6d0da2fda9bfb;427d1afe29cf63f0a4d5dcdba551d81bf6e492a4374d319b8032588abb5688f7;01d8f17b2a51b9e8149c4569c49c9c1043a37be1a6ab9c1855f5d0fe1bd0be6e;acf7afc3c247d0604e6d234424ae43aee7bafb1806169688ddccb1c50f53c874,8;5;8;5;8;5;8;5;8;5;8;5,"[""I'm sorry, but I can't"", ""A wave 0"", ""I'm sorry, but I can't"", ""B wave 0"", ""I'm sorry, but I can't"", ""C wave 0"", ""I'm sorry, but I don't"", ""A wave 1"", ""I'm sorry, but I can't"", ""B wave 1"", ""I'm sorry, but I don't"", ""C wave 1""]",0;1;2;3;4;5,0;1;2;3;4;5|0;1;2;3;4;5,10,0.6666666666666666,0.0,0.0,0.0,0.0,0.0,0.0,0.0,0.0,0.0,0.0,"{""+Inf"":0.0,""1"":0.0,""10"":0.0,""100"":0.0,""2"":0.0,""20"":0.0,""250"":0.0,""5"":0.0,""50"":0.0}",,,,cuda/learned;cpu/upstream;cuda/rule;cpu/always;cuda/always;cpu/rule;cuda/upstream;cpu/learned,1,cuda/learned,1000
cuda,rule,16,257.7642000023843,117.44402500244178,250.70422500102723,561.2806999997701,01d8f17b2a51b9e8149c4569c49c9c1043a37be1a6ab9c1855f5d0fe1bd0be6e;919cadbbbfc921cef1c7530228b78d679f0173d18c1b76ae3fdc5cd7489bbe21;b74ed76e54491fe1515172404b915cf994859850821b955d8dc6d0da2fda9bfb;9e143aab4a8501513a1b536176c207d7492cc26e6185b87d4b6c30969b68f243;b74ed76e54491fe1515172404b915cf994859850821b955d8dc6d0da2fda9bfb;328d4e1100d6bd74ac6d258a23fdecbdc53b429e236e1a4454da71ea77cb67ec;01d8f17b2a51b9e8149c4569c49c9c1043a37be1a6ab9c1855f5d0fe1bd0be6e;eeffedc824c0f817a378c95fa81fc66204aaaaff6784b822db3b9fe0a57313df;b74ed76e54491fe1515172404b915cf994859850821b955d8dc6d0da2fda9bfb;427d1afe29cf63f0a4d5dcdba551d81bf6e492a4374d319b8032588abb5688f7;b74ed76e54491fe1515172404b915cf994859850821b955d8dc6d0da2fda9bfb;acf7afc3c247d0604e6d234424ae43aee7bafb1806169688ddccb1c50f53c874,8;5;8;5;8;5;8;5;8;5;8;5,"[""I'm sorry, but I don't"", ""A wave 0"", ""I'm sorry, but I can't"", ""B wave 0"", ""I'm sorry, but I can't"", ""C wave 0"", ""I'm sorry, but I don't"", ""A wave 1"", ""I'm sorry, but I can't"", ""B wave 1"", ""I'm sorry, but I can't"", ""C wave 1""]",0;1;2;3;4;5,0;1;2;3;4;5|0;1;2;3;4;5,10,0.8333333333333334,7.0,4.0,0.0,0.0,0.0,0.0,0.0,11.0,2.0,3.8,"{""+Inf"":11.0,""1"":10.0,""10"":11.0,""100"":11.0,""2"":11.0,""20"":11.0,""250"":11.0,""5"":11.0,""50"":11.0}",,,,cuda/learned;cpu/upstream;cuda/rule;cpu/always;cuda/always;cpu/rule;cuda/upstream;cpu/learned,2,cpu/upstream,1000
cpu,always,16,4180.632299998251,1963.6166249983944,4935.058680001202,8868.062699999427,01d8f17b2a51b9e8149c4569c49c9c1043a37be1a6ab9c1855f5d0fe1bd0be6e;919cadbbbfc921cef1c7530228b78d679f0173d18c1b76ae3fdc5cd7489bbe21;b74ed76e54491fe1515172404b915cf994859850821b955d8dc6d0da2fda9bfb;9e143aab4a8501513a1b536176c207d7492cc26e6185b87d4b6c30969b68f243;01d8f17b2a51b9e8149c4569c49c9c1043a37be1a6ab9c1855f5d0fe1bd0be6e;328d4e1100d6bd74ac6d258a23fdecbdc53b429e236e1a4454da71ea77cb67ec;01d8f17b2a51b9e8149c4569c49c9c1043a37be1a6ab9c1855f5d0fe1bd0be6e;eeffedc824c0f817a378c95fa81fc66204aaaaff6784b822db3b9fe0a57313df;b74ed76e54491fe1515172404b915cf994859850821b955d8dc6d0da2fda9bfb;427d1afe29cf63f0a4d5dcdba551d81bf6e492a4374d319b8032588abb5688f7;01d8f17b2a51b9e8149c4569c49c9c1043a37be1a6ab9c1855f5d0fe1bd0be6e;acf7afc3c247d0604e6d234424ae43aee7bafb1806169688ddccb1c50f53c874,8;5;8;5;8;5;8;5;8;5;8;5,"[""I'm sorry, but I don't"", ""A wave 0"", ""I'm sorry, but I can't"", ""B wave 0"", ""I'm sorry, but I don't"", ""C wave 0"", ""I'm sorry, but I don't"", ""A wave 1"", ""I'm sorry, but I can't"", ""B wave 1"", ""I'm sorry, but I don't"", ""C wave 1""]",0;1;2;3;4;5,0;1;2;3;4;5|0;1;2;3;4;5,10,0.6666666666666666,0.0,28.0,0.0,0.0,0.0,0.0,0.0,28.0,1.0,6.7,"{""+Inf"":28.0,""1"":28.0,""10"":28.0,""100"":28.0,""2"":28.0,""20"":28.0,""250"":28.0,""5"":28.0,""50"":28.0}",,,,cuda/learned;cpu/upstream;cuda/rule;cpu/always;cuda/always;cpu/rule;cuda/upstream;cpu/learned,3,cuda/rule,1000
cuda,always,16,262.8329000008307,94.79457500037825,315.3502650009614,672.1533000018098,01d8f17b2a51b9e8149c4569c49c9c1043a37be1a6ab9c1855f5d0fe1bd0be6e;919cadbbbfc921cef1c7530228b78d679f0173d18c1b76ae3fdc5cd7489bbe21;b74ed76e54491fe1515172404b915cf994859850821b955d8dc6d0da2fda9bfb;9e143aab4a8501513a1b536176c207d7492cc26e6185b87d4b6c30969b68f243;b74ed76e54491fe1515172404b915cf994859850821b955d8dc6d0da2fda9bfb;328d4e1100d6bd74ac6d258a23fdecbdc53b429e236e1a4454da71ea77cb67ec;01d8f17b2a51b9e8149c4569c49c9c1043a37be1a6ab9c1855f5d0fe1bd0be6e;eeffedc824c0f817a378c95fa81fc66204aaaaff6784b822db3b9fe0a57313df;b74ed76e54491fe1515172404b915cf994859850821b955d8dc6d0da2fda9bfb;427d1afe29cf63f0a4d5dcdba551d81bf6e492a4374d319b8032588abb5688f7;b74ed76e54491fe1515172404b915cf994859850821b955d8dc6d0da2fda9bfb;acf7afc3c247d0604e6d234424ae43aee7bafb1806169688ddccb1c50f53c874,8;5;8;5;8;5;8;5;8;5;8;5,"[""I'm sorry, but I don't"", ""A wave 0"", ""I'm sorry, but I can't"", ""B wave 0"", ""I'm sorry, but I can't"", ""C wave 0"", ""I'm sorry, but I don't"", ""A wave 1"", ""I'm sorry, but I can't"", ""B wave 1"", ""I'm sorry, but I can't"", ""C wave 1""]",0;1;2;3;4;5,0;1;2;3;4;5|0;1;2;3;4;5,10,0.8333333333333334,0.0,22.0,0.0,0.0,0.0,0.0,0.0,22.0,1.0,4.8,"{""+Inf"":22.0,""1"":22.0,""10"":22.0,""100"":22.0,""2"":22.0,""20"":22.0,""250"":22.0,""5"":22.0,""50"":22.0}",,,,cuda/learned;cpu/upstream;cuda/rule;cpu/always;cuda/always;cpu/rule;cuda/upstream;cpu/learned,4,cpu/always,1000
cpu,rule,16,4313.956600000893,2259.686725001302,4965.34332499832,8217.079499998363,b74ed76e54491fe1515172404b915cf994859850821b955d8dc6d0da2fda9bfb;919cadbbbfc921cef1c7530228b78d679f0173d18c1b76ae3fdc5cd7489bbe21;01d8f17b2a51b9e8149c4569c49c9c1043a37be1a6ab9c1855f5d0fe1bd0be6e;9e143aab4a8501513a1b536176c207d7492cc26e6185b87d4b6c30969b68f243;01d8f17b2a51b9e8149c4569c49c9c1043a37be1a6ab9c1855f5d0fe1bd0be6e;328d4e1100d6bd74ac6d258a23fdecbdc53b429e236e1a4454da71ea77cb67ec;01d8f17b2a51b9e8149c4569c49c9c1043a37be1a6ab9c1855f5d0fe1bd0be6e;eeffedc824c0f817a378c95fa81fc66204aaaaff6784b822db3b9fe0a57313df;b74ed76e54491fe1515172404b915cf994859850821b955d8dc6d0da2fda9bfb;427d1afe29cf63f0a4d5dcdba551d81bf6e492a4374d319b8032588abb5688f7;b74ed76e54491fe1515172404b915cf994859850821b955d8dc6d0da2fda9bfb;acf7afc3c247d0604e6d234424ae43aee7bafb1806169688ddccb1c50f53c874,8;5;8;5;8;5;8;5;8;5;8;5,"[""I'm sorry, but I can't"", ""A wave 0"", ""I'm sorry, but I don't"", ""B wave 0"", ""I'm sorry, but I don't"", ""C wave 0"", ""I'm sorry, but I don't"", ""A wave 1"", ""I'm sorry, but I can't"", ""B wave 1"", ""I'm sorry, but I can't"", ""C wave 1""]",0;1;2;3;4;5,0;1;2;3;4;5|0;1;2;3;4;5,10,0.6666666666666666,6.0,2.0,0.0,0.0,0.0,0.0,0.0,8.0,1.0,2.2,"{""+Inf"":8.0,""1"":8.0,""10"":8.0,""100"":8.0,""2"":8.0,""20"":8.0,""250"":8.0,""5"":8.0,""50"":8.0}",,,,cuda/learned;cpu/upstream;cuda/rule;cpu/always;cuda/always;cpu/rule;cuda/upstream;cpu/learned,5,cuda/always,1000
cuda,upstream,16,299.1062749988487,139.81792499816947,271.5563749987268,637.1534000027168,01d8f17b2a51b9e8149c4569c49c9c1043a37be1a6ab9c1855f5d0fe1bd0be6e;919cadbbbfc921cef1c7530228b78d679f0173d18c1b76ae3fdc5cd7489bbe21;b74ed76e54491fe1515172404b915cf994859850821b955d8dc6d0da2fda9bfb;9e143aab4a8501513a1b536176c207d7492cc26e6185b87d4b6c30969b68f243;b74ed76e54491fe1515172404b915cf994859850821b955d8dc6d0da2fda9bfb;328d4e1100d6bd74ac6d258a23fdecbdc53b429e236e1a4454da71ea77cb67ec;01d8f17b2a51b9e8149c4569c49c9c1043a37be1a6ab9c1855f5d0fe1bd0be6e;eeffedc824c0f817a378c95fa81fc66204aaaaff6784b822db3b9fe0a57313df;b74ed76e54491fe1515172404b915cf994859850821b955d8dc6d0da2fda9bfb;427d1afe29cf63f0a4d5dcdba551d81bf6e492a4374d319b8032588abb5688f7;b74ed76e54491fe1515172404b915cf994859850821b955d8dc6d0da2fda9bfb;acf7afc3c247d0604e6d234424ae43aee7bafb1806169688ddccb1c50f53c874,8;5;8;5;8;5;8;5;8;5;8;5,"[""I'm sorry, but I don't"", ""A wave 0"", ""I'm sorry, but I can't"", ""B wave 0"", ""I'm sorry, but I can't"", ""C wave 0"", ""I'm sorry, but I don't"", ""A wave 1"", ""I'm sorry, but I can't"", ""B wave 1"", ""I'm sorry, but I can't"", ""C wave 1""]",0;1;2;3;4;5,0;1;2;3;4;5|0;1;2;3;4;5,10,0.8333333333333334,10.0,0.0,0.0,0.0,0.0,0.0,0.0,10.0,2.0,3.0,"{""+Inf"":10.0,""1"":9.0,""10"":10.0,""100"":10.0,""2"":10.0,""20"":10.0,""250"":10.0,""5"":10.0,""50"":10.0}",,,,cuda/learned;cpu/upstream;cuda/rule;cpu/always;cuda/always;cpu/rule;cuda/upstream;cpu/learned,6,cpu/rule,1000
cpu,learned,16,4444.154349998826,2349.8048999990715,5077.299860000129,8377.397799999017,b74ed76e54491fe1515172404b915cf994859850821b955d8dc6d0da2fda9bfb;919cadbbbfc921cef1c7530228b78d679f0173d18c1b76ae3fdc5cd7489bbe21;01d8f17b2a51b9e8149c4569c49c9c1043a37be1a6ab9c1855f5d0fe1bd0be6e;9e143aab4a8501513a1b536176c207d7492cc26e6185b87d4b6c30969b68f243;01d8f17b2a51b9e8149c4569c49c9c1043a37be1a6ab9c1855f5d0fe1bd0be6e;328d4e1100d6bd74ac6d258a23fdecbdc53b429e236e1a4454da71ea77cb67ec;01d8f17b2a51b9e8149c4569c49c9c1043a37be1a6ab9c1855f5d0fe1bd0be6e;eeffedc824c0f817a378c95fa81fc66204aaaaff6784b822db3b9fe0a57313df;b74ed76e54491fe1515172404b915cf994859850821b955d8dc6d0da2fda9bfb;427d1afe29cf63f0a4d5dcdba551d81bf6e492a4374d319b8032588abb5688f7;01d8f17b2a51b9e8149c4569c49c9c1043a37be1a6ab9c1855f5d0fe1bd0be6e;acf7afc3c247d0604e6d234424ae43aee7bafb1806169688ddccb1c50f53c874,8;5;8;5;8;5;8;5;8;5;8;5,"[""I'm sorry, but I can't"", ""A wave 0"", ""I'm sorry, but I don't"", ""B wave 0"", ""I'm sorry, but I don't"", ""C wave 0"", ""I'm sorry, but I don't"", ""A wave 1"", ""I'm sorry, but I can't"", ""B wave 1"", ""I'm sorry, but I don't"", ""C wave 1""]",0;1;2;3;4;5,0;1;2;3;4;5|0;1;2;3;4;5,10,0.6666666666666666,6.0,2.0,2.0,6.0,0.0,0.0,0.0,8.0,1.0,4.0,"{""+Inf"":8.0,""1"":8.0,""10"":8.0,""100"":8.0,""2"":8.0,""20"":8.0,""250"":8.0,""5"":8.0,""50"":8.0}",4180.632299998251,0.06303401760558675,-0.22824456125611037,cuda/learned;cpu/upstream;cuda/rule;cpu/always;cuda/always;cpu/rule;cuda/upstream;cpu/learned,7,cuda/upstream,1000
